-- MySQL dump 10.16  Distrib 10.1.31-MariaDB, for Linux (x86_64)
--
-- Host: localhost    Database: iotdb
-- ------------------------------------------------------
-- Server version	10.1.31-MariaDB

/*!40101 SET @OLD_CHARACTER_SET_CLIENT=@@CHARACTER_SET_CLIENT */;
/*!40101 SET @OLD_CHARACTER_SET_RESULTS=@@CHARACTER_SET_RESULTS */;
/*!40101 SET @OLD_COLLATION_CONNECTION=@@COLLATION_CONNECTION */;
/*!40101 SET NAMES utf8 */;
/*!40103 SET @OLD_TIME_ZONE=@@TIME_ZONE */;
/*!40103 SET TIME_ZONE='+00:00' */;
/*!40014 SET @OLD_UNIQUE_CHECKS=@@UNIQUE_CHECKS, UNIQUE_CHECKS=0 */;
/*!40014 SET @OLD_FOREIGN_KEY_CHECKS=@@FOREIGN_KEY_CHECKS, FOREIGN_KEY_CHECKS=0 */;
/*!40101 SET @OLD_SQL_MODE=@@SQL_MODE, SQL_MODE='NO_AUTO_VALUE_ON_ZERO' */;
/*!40111 SET @OLD_SQL_NOTES=@@SQL_NOTES, SQL_NOTES=0 */;

--
-- Table structure for table `contextbroker`
--

DROP TABLE IF EXISTS `contextbroker`;
/*!40101 SET @saved_cs_client     = @@character_set_client */;
/*!40101 SET character_set_client = utf8 */;
CREATE TABLE `contextbroker` (
  `name` varchar(20) NOT NULL,
  `protocol` varchar(20) NOT NULL,
  `ip` varchar(20) NOT NULL,
  `port` varchar(5) NOT NULL,
  `uri` varchar(100) DEFAULT NULL,
  `login` varchar(20) DEFAULT NULL,
  `password` varchar(20) DEFAULT NULL,
  `latitude` varchar(20) DEFAULT NULL,
  `longitude` varchar(20) DEFAULT NULL,
  `created` datetime NOT NULL DEFAULT CURRENT_TIMESTAMP,
  PRIMARY KEY (`name`),
  UNIQUE KEY `ip` (`ip`,`port`),
  UNIQUE KEY `uri` (`uri`),
  KEY `protocol` (`protocol`),
  CONSTRAINT `contextbroker_ibfk_1` FOREIGN KEY (`protocol`) REFERENCES `protocols` (`name`) ON DELETE CASCADE ON UPDATE CASCADE
) ENGINE=InnoDB DEFAULT CHARSET=utf8;
/*!40101 SET character_set_client = @saved_cs_client */;

--
-- Dumping data for table `contextbroker`
--

LOCK TABLES `contextbroker` WRITE;
/*!40000 ALTER TABLE `contextbroker` DISABLE KEYS */;
INSERT INTO `contextbroker` VALUES ('mqttUNIFI','mqtt','192.168.1.10','1883',NULL,'','','43.7731','11.2560','2018-02-07 15:14:39'),('mqttUNIMI','mqtt','159.149.129.184','1884',NULL,'','','45.4424','9.1984','2018-04-30 16:49:05'),('orionUNIFI','ngsi','192.168.1.9','1026',NULL,NULL,NULL,'43.7731','11.2560','2018-02-07 15:14:39'),('orionUNIMI','ngsi','159.149.129.184','1026','null','','','45.464211','9.191383','2018-03-12 15:17:11'),('rabbitUNIMI','amqp','159.149.129.184','5672',NULL,'guest','XXXXX','45.464211','9.191383','2018-02-07 15:14:39'),('sigfox','sigfox','213.186.33.69','0',NULL,NULL,NULL,NULL,NULL,'2018-05-28 00:31:53');
/*!40000 ALTER TABLE `contextbroker` ENABLE KEYS */;
UNLOCK TABLES;

--
-- Table structure for table `data_types`
--

DROP TABLE IF EXISTS `data_types`;
/*!40101 SET @saved_cs_client     = @@character_set_client */;
/*!40101 SET character_set_client = utf8 */;
CREATE TABLE `data_types` (
  `data_type` varchar(30) NOT NULL,
  PRIMARY KEY (`data_type`)
) ENGINE=InnoDB DEFAULT CHARSET=utf8;
/*!40101 SET character_set_client = @saved_cs_client */;

--
-- Dumping data for table `data_types`
--

LOCK TABLES `data_types` WRITE;
/*!40000 ALTER TABLE `data_types` DISABLE KEYS */;
INSERT INTO `data_types` VALUES ('binary'),('boolean'),('button'),('collection'),('date'),('datetime'),('float'),('html'),('identifier'),('image'),('integer'),('json'),('path'),('set'),('shape'),('string'),('switch'),('time'),('timestamp'),('url'),('vector'),('webpage'),('wkt'),('xml');
/*!40000 ALTER TABLE `data_types` ENABLE KEYS */;
UNLOCK TABLES;

--
-- Table structure for table `defaultcontestbrokerpolicy`
--

DROP TABLE IF EXISTS `defaultcontestbrokerpolicy`;
/*!40101 SET @saved_cs_client     = @@character_set_client */;
/*!40101 SET character_set_client = utf8 */;
CREATE TABLE `defaultcontestbrokerpolicy` (
  `policyname` varchar(30) NOT NULL,
  `active` tinyint(1) NOT NULL DEFAULT '0',
  `contextbroker` varchar(20) NOT NULL,
  `protocol` varchar(20) NOT NULL,
  `format` varchar(20) NOT NULL,
  PRIMARY KEY (`policyname`),
  KEY `contextbroker` (`contextbroker`),
  KEY `protocol` (`protocol`),
  KEY `format` (`format`)
) ENGINE=InnoDB DEFAULT CHARSET=utf8;
/*!40101 SET character_set_client = @saved_cs_client */;

--
-- Dumping data for table `defaultcontestbrokerpolicy`
--

LOCK TABLES `defaultcontestbrokerpolicy` WRITE;
/*!40000 ALTER TABLE `defaultcontestbrokerpolicy` DISABLE KEYS */;
INSERT INTO `defaultcontestbrokerpolicy` VALUES ('advances',0,'mqttUNIFI','mqtt','csv'),('basic',1,'orionUNIFI','ngsi','json');
/*!40000 ALTER TABLE `defaultcontestbrokerpolicy` ENABLE KEYS */;
UNLOCK TABLES;

--
-- Table structure for table `defaultpolicy`
--

DROP TABLE IF EXISTS `defaultpolicy`;
/*!40101 SET @saved_cs_client     = @@character_set_client */;
/*!40101 SET character_set_client = utf8 */;
CREATE TABLE `defaultpolicy` (
  `policyname` varchar(30) NOT NULL,
  `active` tinyint(1) NOT NULL DEFAULT '0',
  `contextbroker` varchar(20) NOT NULL,
  `protocol` varchar(20) NOT NULL,
  `format` varchar(20) NOT NULL,
  `healthiness_criteria` set('refresh_rate','different_values','within_bounds','') NOT NULL DEFAULT 'refresh_rate',
  `healthiness_value` varchar(20) NOT NULL DEFAULT '300',
  PRIMARY KEY (`policyname`),
  KEY `contextbroker` (`contextbroker`),
  KEY `protocol` (`protocol`),
  KEY `format` (`format`)
) ENGINE=InnoDB DEFAULT CHARSET=utf8;
/*!40101 SET character_set_client = @saved_cs_client */;

--
-- Dumping data for table `defaultpolicy`
--

LOCK TABLES `defaultpolicy` WRITE;
/*!40000 ALTER TABLE `defaultpolicy` DISABLE KEYS */;
INSERT INTO `defaultpolicy` VALUES ('advances',0,'mqttUNIFI','mqtt','csv','refresh_rate','300'),('basic',1,'orionUNIFI','ngsi','json','refresh_rate','300');
/*!40000 ALTER TABLE `defaultpolicy` ENABLE KEYS */;
UNLOCK TABLES;

--
-- Table structure for table `devices`
--

DROP TABLE IF EXISTS `devices`;
/*!40101 SET @saved_cs_client     = @@character_set_client */;
/*!40101 SET character_set_client = utf8 */;
CREATE TABLE `devices` (
  `contextBroker` varchar(20) NOT NULL,
  `id` varchar(120) NOT NULL,
  `uri` text,
  `devicetype` varchar(80) NOT NULL,
  `kind` set('sensor','actuator','','') NOT NULL DEFAULT 'sensor',
  `mandatoryproperties` tinyint(1) NOT NULL,
  `mandatoryvalues` tinyint(1) NOT NULL,
  `macaddress` varchar(20) DEFAULT NULL,
  `model` varchar(20) DEFAULT NULL,
  `producer` varchar(20) DEFAULT NULL,
  `longitude` varchar(20) DEFAULT NULL,
  `latitude` varchar(20) DEFAULT NULL,
  `protocol` varchar(20) NOT NULL,
  `format` varchar(20) NOT NULL,
  `visibility` set('public','private','','') NOT NULL DEFAULT 'public',
  `frequency` varchar(20) DEFAULT NULL,
  `created` datetime NOT NULL DEFAULT CURRENT_TIMESTAMP,
  PRIMARY KEY (`id`,`contextBroker`),
  KEY `contextBroker` (`contextBroker`),
  KEY `protocol` (`protocol`),
  KEY `format` (`format`),
  CONSTRAINT `devices_ibfk_1` FOREIGN KEY (`contextBroker`) REFERENCES `contextbroker` (`name`) ON DELETE CASCADE ON UPDATE CASCADE,
  CONSTRAINT `devices_ibfk_2` FOREIGN KEY (`protocol`) REFERENCES `protocols` (`name`) ON DELETE CASCADE ON UPDATE CASCADE,
  CONSTRAINT `devices_ibfk_3` FOREIGN KEY (`format`) REFERENCES `formats` (`name`) ON DELETE CASCADE ON UPDATE CASCADE
) ENGINE=InnoDB DEFAULT CHARSET=utf8;
/*!40101 SET character_set_client = @saved_cs_client */;

--
-- Dumping data for table `devices`
--

LOCK TABLES `devices` WRITE;
/*!40000 ALTER TABLE `devices` DISABLE KEYS */;
INSERT INTO `devices` VALUES ('orionUNIFI','AdminDevice001','http://www.disit.org/km4city/resource/iot/orionUNIFI/AdminDevice001','Ambiental','sensor',1,1,'','','Raspberry PI','9.228193','45.499369','ngsi','json','private','10','2018-05-24 21:54:03'),('orionUNIFI','AdminDevice002','http://www.disit.org/km4city/resource/iot/orionUNIFI/AdminDevice002','Ambiental','sensor',1,1,'','','Raspberry PI','9.205165','45.477556','ngsi','json','private','10','2018-05-24 21:57:38'),('orionUNIFI','Admindevice004','http://www.disit.org/km4city/resource/iot/orionUNIFI/Admindevice004','Ambiental','sensor',1,1,'','','Raspberry PI','','','ngsi','json','private','5','2018-05-25 11:16:10'),('orionUNIFI','AdminDevice005','http://www.disit.org/km4city/resource/iot/orionUNIFI/AdminDevice005','Ambiental','sensor',1,1,'','','Raspberry PI','','','ngsi','json','private','5','2018-05-25 11:21:31'),('orionUNIFI','AdminDevice1','http://www.disit.org/km4city/resource/iot/orionUNIFI/AdminDevice1','Ambiental','sensor',1,1,'','','Raspberry PI','9.22309','45.493052','ngsi','json','private','5','2018-05-24 22:30:12'),('orionUNIFI','AdminTest005','http://www.disit.org/km4city/resource/iot/orionUNIFI/AdminTest005','Ambiental','sensor',1,1,'','','Raspberry PI','9.185071','45.499369','ngsi','json','private','5','2018-05-25 11:26:12'),('orionUNIMI','ARDUINO_ST_4203','http://www.disit.org/km4city/resource/iot/orionUNIMI/ARDUINO_ST_4203','Light','sensor',1,1,'null','null','null','11.2535','43.7987','ngsi','json','public',NULL,'2018-03-12 15:21:00'),('orionUNIMI','ARDUINO_ST_4204','http://www.disit.org/km4city/resource/iot/orionUNIMI/ARDUINO_ST_4204','Motion_Detection','sensor',1,1,'null','null','null','9.214914','45.463701','ngsi','json','public',NULL,'2018-03-12 15:21:00'),('orionUNIMI','ARDUINO_ST_4205','http://www.disit.org/km4city/resource/iot/orionUNIMI/ARDUINO_ST_4205','Sound_LV','sensor',1,1,'null','null','null','9.214914','45.463701','ngsi','json','public',NULL,'2018-03-12 15:21:00'),('orionUNIMI','ARDUINO_ST_4207','http://www.disit.org/km4city/resource/iot/orionUNIMI/ARDUINO_ST_4207','Presence_Detection_E','sensor',1,1,'null','null','null','9.214914','45.463701','ngsi','json','public',NULL,'2018-03-12 15:21:00'),('orionUNIMI','ARDUINO_ST_4212','http://www.disit.org/km4city/resource/iot/orionUNIMI/ARDUINO_ST_4212','Power_Meter_M','sensor',1,1,'null','null','null','9.214914','43.453701','ngsi','json','public',NULL,'2018-03-12 15:21:00'),('orionUNIMI','ARDUINO_ST_4213','http://www.disit.org/km4city/resource/iot/orionUNIMI/ARDUINO_ST_4213','Power_Meter_S','sensor',1,1,'null','null','null','9.214914','43.453701','ngsi','json','public',NULL,'2018-03-12 15:21:00'),('orionUNIFI','AudioButton_254_widgetOnOffButton2930','http://www.disit.org/km4city/resource/iot/orionUNIFI/AudioButton_254_widgetOnOffButton2930','AudioButton','actuator',1,1,NULL,NULL,NULL,'11.2539','43.7809','ngsi','json','public',NULL,'2018-04-09 16:39:36'),('orionUNIFI','CityLamp_274_widgetOnOffButton3379','http://www.disit.org/km4city/resource/iot/orionUNIFI/CityLamp_274_widgetOnOffButton3379','CityLamp','actuator',1,1,NULL,NULL,NULL,'11.2652','43.7801','ngsi','json','public',NULL,'2018-04-09 16:39:36'),('mqttUNIFI','d1',NULL,'t1','sensor',0,0,'','','','','','amqp','csv','public',NULL,'2018-04-21 19:29:58'),('mqttUNIFI','dd',NULL,'t','sensor',0,0,'','','','','','amqp','csv','public',NULL,'2018-05-03 00:29:24'),('orionUNIFI','device01','http://www.disit.org/km4city/resource/iot/orionUNIFI/device01','Ambiental','sensor',1,1,'','','Raspberry PI','11.241936','43.77317','ngsi','json','private','5','2018-05-25 17:10:12'),('orionUNIFI','device02','http://www.disit.org/km4city/resource/iot/orionUNIFI/device02','Ambiental','sensor',1,1,'','','Raspberry PI','9.192163','45.478956','ngsi','json','private','5','2018-05-25 17:11:10'),('orionUNIFI','DeviceAdmin003','http://www.disit.org/km4city/resource/iot/orionUNIFI/DeviceAdmin003','Ambiental','sensor',1,1,'','','Raspberry PI','9.227966','45.507069','ngsi','json','private','10','2018-05-24 22:01:38'),('orionUNIFI','devicetest1','http://www.disit.org/km4city/resource/iot/orionUNIFI/devicetest1','Ambiental','sensor',1,1,'','','Raspberry PI','','','ngsi','json','private','5','2018-05-25 14:40:05'),('orionUNIFI','deviceUser1','http://www.disit.org/km4city/resource/iot/orionUNIFI/deviceUser1','Ambiental','sensor',1,1,'','','Raspberry PI','9.205163','45.476594','ngsi','json','private','5','2018-05-28 01:07:10'),('mqttUNIFI','devTest1','http://www.disit.org/km4city/resource/iot/mqttUNIFI/devTest1','t1','sensor',1,1,'','','','11.178786','43.787144','amqp','csv','private','0','2018-05-09 17:01:17'),('mqttUNIFI','div1',NULL,'t1','sensor',0,0,'','','','','','amqp','csv','public',NULL,'2018-04-23 02:05:09'),('mqttUNIFI','div3',NULL,'t1','sensor',0,0,'','','','','','amqp','csv','public',NULL,'2018-04-22 02:44:19'),('orionUNIFI','elef0101',NULL,'Ambiental','sensor',0,0,'','Raspberry snap4city ','Raspberry PI','11.2127','43.7444','ngsi','json','private','5','2018-05-23 23:21:04'),('mqttUNIFI','fan02','','fancoil','actuator',1,1,NULL,NULL,NULL,'9.214914','45.453701','mqtt','csv','public',NULL,'2018-03-10 01:29:03'),('orionUNIFI','ImpulseEntity_230_widgetImpulseButton2118','http://www.disit.org/km4city/resource/iot/orionUNIFI/ImpulseEntity_230_widgetImpulseButton2118','ImpulseEntity','sensor',1,1,NULL,NULL,NULL,'11.2671','43.7779','ngsi','json','public',NULL,'2018-04-09 16:39:36'),('orionUNIFI','Lampione1','http://www.disit.org/km4city/resource/iot/orionUNIFI/Lampione1','Lampione','actuator',1,1,NULL,NULL,NULL,'11.2707','43.7746','ngsi','json','public',NULL,'2018-04-09 16:39:36'),('orionUNIFI','Lampione2','http://www.disit.org/km4city/resource/iot/orionUNIFI/Lampione2','Lampione','actuator',1,1,NULL,NULL,NULL,'11.2711','43.7707','ngsi','json','public',NULL,'2018-04-09 16:39:36'),('orionUNIFI','Lampione3','http://www.disit.org/km4city/resource/iot/orionUNIFI/Lampione3','Lampione','actuator',1,1,NULL,NULL,NULL,'11.249','43.78','ngsi','json','public',NULL,'2018-04-09 16:39:36'),('orionUNIFI','Lampione_213_widgetOnOffButton2923','http://www.disit.org/km4city/resource/iot/orionUNIFI/Lampione_213_widgetOnOffButton2923','Lampione','actuator',1,1,'null','null','null','11.2516','43.7768','ngsi','json','public',NULL,'2018-04-09 16:39:36'),('orionUNIFI','Lampione_213_widgetOnOffButton2924','http://www.disit.org/km4city/resource/iot/orionUNIFI/Lampione_213_widgetOnOffButton2924','Lampione','actuator',1,1,NULL,NULL,NULL,'11.2572','43.7784','ngsi','json','public',NULL,'2018-04-09 16:39:36'),('orionUNIFI','Lampione_253_widgetOnOffButton2926','http://www.disit.org/km4city/resource/iot/orionUNIFI/Lampione_253_widgetOnOffButton2926','Lampione','actuator',1,1,NULL,NULL,NULL,'11.2592','43.7776','ngsi','json','public',NULL,'2018-04-09 16:39:36'),('orionUNIFI','Lamp_283_widgetOnOffButton3199','http://www.disit.org/km4city/resource/iot/orionUNIFI/Lamp_283_widgetOnOffButton3199','Lamp','actuator',1,1,NULL,NULL,NULL,'11.2554','43.7737','ngsi','json','public',NULL,'2018-04-09 16:39:36'),('orionUNIMI','light03','','light','sensor',1,1,NULL,NULL,NULL,'9.214914','45.463701','ngsi','json','public',NULL,'2018-03-12 15:21:00'),('orionUNIFI','llkkjj','http://www.disit.org/km4city/resource/iot/orionUNIFI/llkkjj','Ambiental','sensor',1,1,'','Raspberry snap4city ','Raspberry PI','11.1058','43.6407','ngsi','json','private','5','2018-05-25 23:10:27'),('orionUNIFI','marco444444','http://www.disit.org/km4city/resource/iot/orionUNIFI/marco444444','Ambiental','sensor',1,1,'','Raspberry snap4city ','Raspberry PI','11.0220','43.6636','ngsi','json','private','5','2018-05-24 01:56:13'),('mqttUNIFI','marco5432','http://www.disit.org/km4city/resource/iot/mqttUNIFI/marco5432','temperature','sensor',1,1,'','','','','','amqp','csv','private','0','2018-05-09 17:24:07'),('orionUNIFI','marco5432','http://www.disit.org/km4city/resource/iot/orionUNIFI/marco5432','temperature','sensor',1,1,'','','','','','amqp','csv','private','0','2018-05-09 17:28:00'),('orionUNIFI','my device','http://www.disit.org/km4city/resource/iot/orionUNIFI/my%2Bdevice','Ambiental','sensor',1,1,'','Raspberry snap4city ','Raspberry PI','11.2143','43.7770','ngsi','json','private','5','2018-05-24 10:20:25'),('mqttUNIFI','mytest11','http://www.disit.org/km4city/resource/iot/mqttUNIFI/mytest11','t1','sensor',1,1,'','','','','','amqp','csv','private','0','2018-05-09 17:13:17'),('mqttUNIFI','myTest2','http://www.disit.org/km4city/resource/iot/mqttUNIFI/myTest2','t2','sensor',1,1,'','','','','','amqp','csv','private','0','2018-05-09 17:02:36'),('mqttUNIFI','myTestDev1','http://www.disit.org/km4city/resource/iot/mqttUNIFI/myTestDev1','t1','sensor',1,1,'','','','11','43','amqp','csv','','1','2018-05-09 16:57:14'),('rabbitUNIMI','myTestDev1','http://www.disit.org/km4city/resource/iot/rabbitUNIMI/myTestDev1','t1','sensor',1,1,'','','','11','43','amqp','csv','','1','2018-05-09 16:50:07'),('orionUNIFI','MyThermometer002','http://www.disit.org/km4city/resource/iot/orionUNIFI/MyThermometer002','Ambiental','sensor',1,1,'','','Raspberry PI','9.194224','45.474622','ngsi','json','private','5','2018-05-26 11:35:20'),('orionUNIFI','MyThermometerA','http://www.disit.org/km4city/resource/iot/orionUNIFI/MyThermometerA','Ambiental','sensor',1,1,'','','Raspberry PI','9.202395','45.476594','ngsi','json','private','5','2018-05-26 11:55:41'),('orionUNIFI','MyThermometer_001','http://www.disit.org/km4city/resource/iot/orionUNIFI/MyThermometer_001','Ambiental','sensor',1,1,'','','Raspberry PI','9.202436','45.460153','ngsi','json','private','5','2018-05-26 12:06:05'),('mqttUNIFI','NO2','http://www.disit.org/km4city/resource/iot/mqttUNIFI/NO2','environment','sensor',1,1,NULL,NULL,NULL,'9.214914','45.453701','mqtt','csv','public',NULL,'2018-03-10 01:29:03'),('orionUNIFI','nona','http://www.disit.org/km4city/resource/iot/orionUNIFI/nona','Ambiental','sensor',1,1,'','Raspberry snap4city ','Raspberry PI','11.5727','43.6785','ngsi','json','private','5','2018-05-25 22:53:55'),('orionUNIFI','PersonalAppSemaphoreCounters','http://www.disit.org/km4city/resource/iot/orionUNIFI/PersonalAppSemaphoreCounters','personaAppGlobalEntity','sensor',1,1,NULL,NULL,NULL,'11.2422','43.7705','ngsi','json','public',NULL,'2018-04-09 16:39:36'),('orionUNIFI','ppmm0101','http://www.disit.org/km4city/resource/iot/orionUNIFI/ppmm0101','Ambiental','sensor',1,1,'','Raspberry snap4city ','Raspberry PI','11.1762','43.7133','ngsi','json','private','10','2018-05-25 15:11:50'),('orionUNIFI','ppwwppww','http://www.disit.org/km4city/resource/iot/orionUNIFI/ppwwppww','Ambiental','sensor',1,1,'','Raspberry snap4city ','Raspberry PI','11.2375','43.6924','ngsi','json','private','5','2018-05-25 19:08:39'),('orionUNIFI','prova101','http://www.disit.org/km4city/resource/iot/orionUNIFI/prova101','ambient','sensor',1,1,'','','','11.1933','43.7364','ngsi','json','private','0','2018-05-23 18:11:52'),('orionUNIFI','prova11111','http://www.disit.org/km4city/resource/iot/orionUNIFI/prova11111','ambient','sensor',1,1,'','','','11.1933','43.7364','ngsi','json','private','0','2018-05-23 19:05:29'),('orionUNIFI','Prova2896','http://www.disit.org/km4city/resource/iot/orionUNIFI/Prova2896','Ambiental','sensor',1,1,'','Raspberry snap4city ','Raspberry PI','11.2662','43.6937','ngsi','json','private','10','2018-05-25 15:36:59'),('orionUNIFI','prova33','http://www.disit.org/km4city/resource/iot/orionUNIFI/prova33','Ambiental','sensor',1,1,'','Raspberry snap4city ','Raspberry PI','11.1182','43.6397','ngsi','json','private','5','2018-05-25 22:50:20'),('orionUNIFI','Prova689','http://www.disit.org/km4city/resource/iot/orionUNIFI/Prova689','Ambiental','sensor',1,1,'','Raspberry snap4city ','Raspberry PI','11.2196','43.7536','ngsi','json','private','5','2018-05-25 15:35:11'),('rabbitUNIMI','provaMM7710','http://www.disit.org/km4city/resource/iot/rabbitUNIMI/provaMM7710','d','sensor',1,1,'','','','11','43','amqp','csv','','1','2018-05-09 16:38:43'),('orionUNIFI','RaspberryPI104','http://www.disit.org/km4city/resource/iot/orionUNIFI/RaspberryPI104','Edge','sensor',1,1,'','Edge','','11.236475','43.77128','ngsi','json','private','0','2018-05-11 14:47:22'),('orionUNIFI','RaspberryPi_2_Test','http://www.disit.org/km4city/resource/iot/orionUNIFI/RaspberryPi_2_Test','EdgeDevice','actuator',1,1,NULL,NULL,NULL,'11.2412','43.7783','ngsi','json','public',NULL,'2018-04-09 16:39:36'),('orionUNIFI','RaspberryPi_3_Test','http://www.disit.org/km4city/resource/iot/orionUNIFI/RaspberryPi_3_Test','EdgeDevice','actuator',1,1,NULL,NULL,NULL,'11.2533','43.7982','ngsi','json','public',NULL,'2018-04-09 16:39:36'),('orionUNIFI','RaspberryPi_4_Test','http://www.disit.org/km4city/resource/iot/orionUNIFI/RaspberryPi_4_Test','EdgeDevice','actuator',1,1,NULL,NULL,NULL,'11.2495','43.7921','ngsi','json','public',NULL,'2018-04-09 16:39:36'),('orionUNIFI','RaspberryPi_5_Test','http://www.disit.org/km4city/resource/iot/orionUNIFI/RaspberryPi_5_Test','EdgeDevice','actuator',1,1,NULL,NULL,NULL,'11.2558','43.7692','ngsi','json','public',NULL,'2018-04-09 16:39:36'),('orionUNIFI','RaspberryPi_Environment','http://www.disit.org/km4city/resource/iot/orionUNIFI/RaspberryPi_Environment','EdgeDevice','sensor',1,1,NULL,NULL,NULL,'11.2506','43.7707','ngsi','json','public',NULL,'2018-04-09 16:39:36'),('orionUNIFI','RaspberryPi_Environment2','http://www.disit.org/km4city/resource/iot/orionUNIFI/RaspberryPi_Environment2','EdgeDevice','sensor',1,1,'','','RaspberryPi','11.247756','43.770648','ngsi','json','private','0','2018-05-11 16:47:12'),('orionUNIFI','SemaphoreActuator_227_widgetImpulseButton2115','http://www.disit.org/km4city/resource/iot/orionUNIFI/SemaphoreActuator_227_widgetImpulseButton2115','SemaphoreActuator','actuator',1,1,NULL,NULL,NULL,'11.2418','43.7603','ngsi','json','public',NULL,'2018-04-09 16:39:36'),('orionUNIFI','SemaphoreActuator_227_widgetImpulseButton2116','http://www.disit.org/km4city/resource/iot/orionUNIFI/SemaphoreActuator_227_widgetImpulseButton2116','SemaphoreActuator','actuator',1,1,NULL,NULL,NULL,'11.2619','43.7684','ngsi','json','public',NULL,'2018-04-09 16:39:36'),('orionUNIFI','Semaphore_257_widgetOnOffButton2942','http://www.disit.org/km4city/resource/iot/orionUNIFI/Semaphore_257_widgetOnOffButton2942','Semaphore','actuator',1,1,NULL,NULL,NULL,'11.235','43.7754','ngsi','json','public',NULL,'2018-04-09 16:39:36'),('orionUNIFI','Semaphore_257_widgetOnOffButton2943','http://www.disit.org/km4city/resource/iot/orionUNIFI/Semaphore_257_widgetOnOffButton2943','Semaphore','actuator',1,1,NULL,NULL,NULL,'11.2333','43.7716','ngsi','json','public',NULL,'2018-04-09 16:39:36'),('orionUNIFI','Semaphore_257_widgetOnOffButton2944','http://www.disit.org/km4city/resource/iot/orionUNIFI/Semaphore_257_widgetOnOffButton2944','Semaphore','actuator',1,1,'null','null','null','11.2496','43.7739','ngsi','json','public',NULL,'2018-04-09 16:39:36'),('orionUNIFI','Semaphore_257_widgetOnOffButton2946','http://www.disit.org/km4city/resource/iot/orionUNIFI/Semaphore_257_widgetOnOffButton2946','Semaphore','actuator',1,1,NULL,NULL,NULL,'11.2599','43.775','ngsi','json','public',NULL,'2018-04-09 16:39:36'),('orionUNIFI','Semaphore_257_widgetOnOffButton2948','http://www.disit.org/km4city/resource/iot/orionUNIFI/Semaphore_257_widgetOnOffButton2948','Semaphore','actuator',1,1,NULL,NULL,NULL,'11.2489','43.7771','ngsi','json','public',NULL,'2018-04-09 16:39:36'),('orionUNIFI','smartLight_185_widgetKnob2417','http://www.disit.org/km4city/resource/iot/orionUNIFI/smartLight_185_widgetKnob2417','smartLight','actuator',1,1,NULL,NULL,NULL,'11.2646','43.7623','ngsi','json','public',NULL,'2018-04-09 16:39:36'),('orionUNIFI','SmartLight_213_widgetKnob2287','http://www.disit.org/km4city/resource/iot/orionUNIFI/SmartLight_213_widgetKnob2287','SmartLight','actuator',1,1,NULL,NULL,NULL,'11.2445','43.7651','ngsi','json','public',NULL,'2018-04-09 16:39:36'),('orionUNIFI','SmartLight_213_widgetKnob2288','http://www.disit.org/km4city/resource/iot/orionUNIFI/SmartLight_213_widgetKnob2288','SmartLight','actuator',1,1,NULL,NULL,NULL,'11.2533','43.7682','ngsi','json','public',NULL,'2018-04-09 16:39:36'),('orionUNIFI','smartLight_216_widgetKnob2301','http://www.disit.org/km4city/resource/iot/orionUNIFI/smartLight_216_widgetKnob2301','smartLight','actuator',1,1,NULL,NULL,NULL,'11.2527','43.7674','ngsi','json','public',NULL,'2018-04-09 16:39:36'),('orionUNIFI','SmartLight_221_widgetKnob2380','http://www.disit.org/km4city/resource/iot/orionUNIFI/SmartLight_221_widgetKnob2380','SmartLight','actuator',1,1,NULL,NULL,NULL,'11.2539','43.7751','ngsi','json','public',NULL,'2018-04-09 16:39:36'),('orionUNIFI','SmartLight_254_widgetKnob2929','http://www.disit.org/km4city/resource/iot/orionUNIFI/SmartLight_254_widgetKnob2929','SmartLight','actuator',1,1,NULL,NULL,NULL,'11.2539','43.7809','ngsi','json','public',NULL,'2018-04-09 16:39:36'),('orionUNIFI','SpeedLimitDimer_230_widgetKnob2120','http://www.disit.org/km4city/resource/iot/orionUNIFI/SpeedLimitDimer_230_widgetKnob2120','SpeedLimitDimer','sensor',1,1,NULL,NULL,NULL,'11.2652','43.7801','ngsi','json','public',NULL,'2018-04-09 16:39:36'),('orionUNIFI','SpeedLimitDimer_257_widgetKnob2952','http://www.disit.org/km4city/resource/iot/orionUNIFI/SpeedLimitDimer_257_widgetKnob2952','SpeedLimitDimer','sensor',1,1,'null','null','null','11.2671','43.7779','ngsi','json','public',NULL,'2018-04-09 16:39:36'),('orionUNIFI','SpeedLimit_230_widgetSpeedLimit2118','http://www.disit.org/km4city/resource/iot/orionUNIFI/SpeedLimit_230_widgetSpeedLimit2118','SpeedLimit','sensor',1,1,NULL,NULL,NULL,'11.2707','43.7746','ngsi','json','public',NULL,'2018-04-09 16:39:36'),('orionUNIFI','SpeedLimit_230_widgetSpeedLimit2119','http://www.disit.org/km4city/resource/iot/orionUNIFI/SpeedLimit_230_widgetSpeedLimit2119','SpeedLimit','sensor',1,1,NULL,NULL,NULL,'11.2711','43.7707','ngsi','json','public',NULL,'2018-04-09 16:39:36'),('orionUNIFI','SpeedLimit_257_widgetSpeedLimit2953','http://www.disit.org/km4city/resource/iot/orionUNIFI/SpeedLimit_257_widgetSpeedLimit2953','SpeedLimit','sensor',1,1,NULL,NULL,NULL,'11.249','43.78','ngsi','json','public',NULL,'2018-04-09 16:39:36'),('orionUNIFI','SpeedLimit_257_widgetSpeedLimit2955','http://www.disit.org/km4city/resource/iot/orionUNIFI/SpeedLimit_257_widgetSpeedLimit2955','SpeedLimit','sensor',1,1,'null','null','null','11.2516','43.7768','ngsi','json','public',NULL,'2018-04-09 16:39:36'),('orionUNIFI','SpeedLimit_257_widgetSpeedLimit2964','http://www.disit.org/km4city/resource/iot/orionUNIFI/SpeedLimit_257_widgetSpeedLimit2964','SpeedLimit','sensor',1,1,NULL,NULL,NULL,'11.2572','43.7784','ngsi','json','public',NULL,'2018-04-09 16:39:36'),('orionUNIFI','SpeedLimit_257_widgetSpeedLimit2965','http://www.disit.org/km4city/resource/iot/orionUNIFI/SpeedLimit_257_widgetSpeedLimit2965','SpeedLimit','sensor',1,1,NULL,NULL,NULL,'11.2592','43.7776','ngsi','json','public',NULL,'2018-04-09 16:39:36'),('orionUNIFI','StopValue_254_widgetOnOffButton2931','http://www.disit.org/km4city/resource/iot/orionUNIFI/StopValue_254_widgetOnOffButton2931','StopValue','actuator',1,1,NULL,NULL,NULL,'11.2554','43.7737','ngsi','json','public',NULL,'2018-04-09 16:39:36'),('mqttUNIFI','temp1/temperature','http://www.disit.org/km4city/resource/iot/mqttUNIFI/temp1/temperature','thermometer','sensor',1,1,NULL,NULL,NULL,'9.214914','45.453701','mqtt','csv','public',NULL,'2018-03-10 01:29:05'),('mqttUNIFI','temp3010','http://www.disit.org/km4city/resource/iot/mqttUNIFI/temp3010','thermometer','sensor',1,1,NULL,NULL,NULL,'9.214914','45.453701','mqtt','csv','public',NULL,'2018-03-10 01:29:05'),('orionUNIFI','Test002','http://www.disit.org/km4city/resource/iot/orionUNIFI/Test002','t2','sensor',1,1,'','','','9.220256','45.525157','ngsi','json','private','0','2018-05-20 20:15:56'),('orionUNIFI','Test003','http://www.disit.org/km4city/resource/iot/orionUNIFI/Test003','t3','sensor',1,1,'','','','9.217691','45.545192','ngsi','json','private','0','2018-05-20 20:33:06'),('orionUNIFI','TestUser002','http://www.disit.org/km4city/resource/iot/orionUNIFI/TestUser002','Ambiental','sensor',1,1,'','','Raspberry PI','9.192918','45.496902','ngsi','json','private','5','2018-05-24 14:17:55'),('orionUNIFI','TestUser003','http://www.disit.org/km4city/resource/iot/orionUNIFI/TestUser003','Ambiental','sensor',1,1,'','','Raspberry PI','9.140427','45.530162','ngsi','json','private','5','2018-05-24 15:35:06'),('orionUNIFI','test_aircond01','http://www.disit.org/km4city/resource/iot/orionUNIFI/test_aircond01','AirConditioner','sensor',1,1,NULL,NULL,NULL,'11.2422','43.7705','ngsi','json','public',NULL,'2018-04-09 16:39:36'),('orionUNIMI','test_dht11','','thermometer','sensor',1,1,NULL,NULL,NULL,'9.214914','45.463701','ngsi','json','public',NULL,'2018-03-12 15:21:00'),('orionUNIFI','test_sensor01','http://www.disit.org/km4city/resource/iot/orionUNIFI/test_sensor01','thermometer','sensor',1,1,NULL,NULL,NULL,'11.2412','43.7783','ngsi','json','public',NULL,'2018-04-09 16:39:36'),('orionUNIMI','test_sensor01','','thermometer','sensor',1,1,NULL,NULL,NULL,'9.214914','45.463701','ngsi','json','public',NULL,'2018-03-12 15:21:00'),('orionUNIFI','test_sensor02','','thermometer','sensor',1,1,NULL,NULL,NULL,'11.2533','43.7982','ngsi','json','public',NULL,'2018-04-09 16:39:36'),('orionUNIFI','test_sensor03','http://www.disit.org/km4city/resource/iot/orionUNIFI/test_sensor03','thermometer','sensor',1,1,NULL,NULL,NULL,'11.2495','43.7921','ngsi','json','public',NULL,'2018-04-09 16:39:36'),('orionUNIMI','test_sensor44','http://www.disit.org/km4city/resource/iot/orionUNIMI/test_sensor44','thermometer','sensor',1,1,NULL,NULL,NULL,'9.214914','45.463701','ngsi','json','public',NULL,'2018-03-12 15:21:00'),('mqttUNIFI','Test_thermometer',NULL,'thermometer','sensor',0,0,'','','','11.21371','43.784843','amqp','csv','public',NULL,'2018-04-15 22:30:03'),('orionUNIFI','TextUser003','http://www.disit.org/km4city/resource/iot/orionUNIFI/TextUser003','Ambiental','sensor',1,1,'','','Raspberry PI','9.18403','45.553246','ngsi','json','private','5','2018-05-24 15:38:06'),('mqttUNIFI','thermometer_mqtt01','http://www.disit.org/km4city/resource/iot/mqttUNIFI/thermometer_mqtt01','thermometer','sensor',1,1,NULL,NULL,NULL,'9.214914','45.453701','mqtt','csv','public',NULL,'2018-03-10 01:29:03'),('orionUNIFI','TrafficLightActuator_257_widgetImpulseButton2961','http://www.disit.org/km4city/resource/iot/orionUNIFI/TrafficLightActuator_257_widgetImpulseButton2961','TrafficLightActuator','sensor',1,1,NULL,NULL,NULL,'11.2558','43.7692','ngsi','json','public',NULL,'2018-04-09 16:39:36'),('orionUNIFI','TrafficLightActuator_257_widgetImpulseButton2962','http://www.disit.org/km4city/resource/iot/orionUNIFI/TrafficLightActuator_257_widgetImpulseButton2962','TrafficLightActuator','sensor',1,1,NULL,NULL,NULL,'11.2506','43.7707','ngsi','json','public',NULL,'2018-04-09 16:39:36'),('orionUNIFI','TrafficLight_227_widgetTrafficLight2117','http://www.disit.org/km4city/resource/iot/orionUNIFI/TrafficLight_227_widgetTrafficLight2117','TrafficLight','sensor',1,1,NULL,NULL,NULL,'11.2418','43.7603','ngsi','json','public',NULL,'2018-04-09 16:39:36'),('orionUNIFI','TrafficLight_229_widgetOnOffButton2932','http://www.disit.org/km4city/resource/iot/orionUNIFI/TrafficLight_229_widgetOnOffButton2932','TrafficLight','sensor',1,1,NULL,NULL,NULL,'11.2619','43.7684','ngsi','json','public',NULL,'2018-04-09 16:39:36'),('orionUNIFI','TrafficLight_254_widgetOnOffButton2934','http://www.disit.org/km4city/resource/iot/orionUNIFI/TrafficLight_254_widgetOnOffButton2934','TrafficLight','sensor',1,1,NULL,NULL,NULL,'11.235','43.7754','ngsi','json','public',NULL,'2018-04-09 16:39:36'),('orionUNIFI','TrafficLight_257_widgetTrafficLight2963','http://www.disit.org/km4city/resource/iot/orionUNIFI/TrafficLight_257_widgetTrafficLight2963','TrafficLight','sensor',1,1,NULL,NULL,NULL,'11.2333','43.7716','ngsi','json','public',NULL,'2018-04-09 16:39:36'),('orionUNIFI','TrainPass_241_widgetOnOffButton2129','http://www.disit.org/km4city/resource/iot/orionUNIFI/TrainPass_241_widgetOnOffButton2129','TrainPass','sensor',1,1,NULL,NULL,NULL,'11.2496','43.7739','ngsi','json','public',NULL,'2018-04-09 16:39:36'),('orionUNIFI','TrainPass_283_widgetImpulseButton3198','http://www.disit.org/km4city/resource/iot/orionUNIFI/TrainPass_283_widgetImpulseButton3198','TrainPass','actuator',1,1,NULL,NULL,NULL,'11.2599','43.775','ngsi','json','public',NULL,'2018-04-09 16:39:36'),('orionUNIFI','TrainPass_283_widgetOnOffButton3198','http://www.disit.org/km4city/resource/iot/orionUNIFI/TrainPass_283_widgetOnOffButton3198','TrainPass','actuator',1,1,NULL,NULL,NULL,'11.2489','43.7771','ngsi','json','public',NULL,'2018-04-09 16:39:36'),('orionUNIFI','TrainPass_283_widgetOnOffButton3199','http://www.disit.org/km4city/resource/iot/orionUNIFI/TrainPass_283_widgetOnOffButton3199','TrainPass','actuator',1,1,'null','null','null','11.2646','43.7623','ngsi','json','public',NULL,'2018-04-09 16:39:36'),('orionUNIFI','UserDevice1','http://www.disit.org/km4city/resource/iot/orionUNIFI/UserDevice1','Ambiental','sensor',1,1,'','','Raspberry PI','','','ngsi','json','private','5','2018-05-24 13:28:42'),('orionUNIFI','UserTest005','http://www.disit.org/km4city/resource/iot/orionUNIFI/UserTest005','Ambiental','sensor',1,1,'','','Raspberry PI','9.203124','45.481363','ngsi','json','private','5','2018-05-25 11:26:44'),('orionUNIFI','UserTest101','http://www.disit.org/km4city/resource/iot/orionUNIFI/UserTest101','Ambiental','sensor',1,1,'','','Raspberry PI','9.22576','45.539151','ngsi','json','private','5','2018-05-24 13:43:46');
/*!40000 ALTER TABLE `devices` ENABLE KEYS */;
UNLOCK TABLES;

--
-- Table structure for table `event_values`
--

DROP TABLE IF EXISTS `event_values`;
/*!40101 SET @saved_cs_client     = @@character_set_client */;
/*!40101 SET character_set_client = utf8 */;
CREATE TABLE `event_values` (
  `cb` varchar(20) NOT NULL,
  `device` varchar(120) NOT NULL,
  `value_name` varchar(120) NOT NULL,
  `data_type` varchar(30) NOT NULL,
  `value_type` varchar(120) DEFAULT NULL,
  `editable` tinyint(1) NOT NULL,
  `value_unit` varchar(30) DEFAULT NULL,
  `healthiness_criteria` set('refresh_rate','different_values','within_bounds','') DEFAULT NULL,
  `value_refresh_rate` int(11) DEFAULT NULL,
  `different_values` int(11) DEFAULT NULL,
  `value_bounds` varchar(10) DEFAULT NULL,
  `order` int(11) NOT NULL,
  PRIMARY KEY (`cb`,`device`,`value_name`),
  KEY `data_type` (`data_type`),
  KEY `value_type` (`value_type`),
  CONSTRAINT `event_values_ibfk_1` FOREIGN KEY (`data_type`) REFERENCES `data_types` (`data_type`) ON DELETE CASCADE ON UPDATE CASCADE,
  CONSTRAINT `event_values_ibfk_2` FOREIGN KEY (`value_type`) REFERENCES `value_types` (`value_type`) ON DELETE CASCADE ON UPDATE CASCADE,
  CONSTRAINT `event_values_ibfk_3` FOREIGN KEY (`cb`, `device`) REFERENCES `devices` (`contextBroker`, `id`) ON DELETE CASCADE ON UPDATE CASCADE
) ENGINE=InnoDB DEFAULT CHARSET=utf8;
/*!40101 SET character_set_client = @saved_cs_client */;

--
-- Dumping data for table `event_values`
--

LOCK TABLES `event_values` WRITE;
/*!40000 ALTER TABLE `event_values` DISABLE KEYS */;
INSERT INTO `event_values` VALUES ('mqttUNIFI','devTest1','speed','integer','velocity',0,'km/h','refresh_rate',100,NULL,NULL,1),('mqttUNIFI','fan02','csv_1','string','fan',1,'#','refresh_rate',300,NULL,NULL,1),('mqttUNIFI','marco5432','temperature','float','max_temperature',0,'°C','refresh_rate',100,NULL,NULL,1),('mqttUNIFI','mytest11','speed','integer','velocity',0,'km/h','refresh_rate',100,NULL,NULL,1),('mqttUNIFI','myTest2','speed','integer','velocity',0,'km/h','refresh_rate',100,NULL,NULL,1),('mqttUNIFI','myTestDev1','a','binary','actuator_canceller',0,'#','refresh_rate',100,NULL,NULL,1),('mqttUNIFI','NO2','csv_1','integer','NO2_concentration',0,'ppm','refresh_rate',300,NULL,NULL,1),('mqttUNIFI','temp1/temperature','csv_1','integer','temperature',0,'°C','refresh_rate',300,NULL,NULL,1),('mqttUNIFI','temp3010','csv_1','integer','temperature',0,'°C','refresh_rate',300,NULL,NULL,1),('mqttUNIFI','thermometer_mqtt01','csv_1','integer','temperature',0,'°C','refresh_rate',300,NULL,NULL,1),('orionUNIFI','AdminDevice001','humidity','string','humidity',0,'#','refresh_rate',300,NULL,NULL,2),('orionUNIFI','AdminDevice001','temperature','string','temperature',0,'°C','refresh_rate',300,NULL,NULL,1),('orionUNIFI','AdminDevice002','humidity','string','humidity',0,'#','refresh_rate',300,NULL,NULL,2),('orionUNIFI','AdminDevice002','temperature','string','temperature',0,'°C','refresh_rate',300,NULL,NULL,1),('orionUNIFI','Admindevice004','humidity','string','humidity',0,'#','refresh_rate',300,NULL,NULL,2),('orionUNIFI','Admindevice004','temperature','string','temperature',0,'°C','refresh_rate',300,NULL,NULL,1),('orionUNIFI','AdminDevice005','humidity','string','humidity',0,'#','refresh_rate',300,NULL,NULL,2),('orionUNIFI','AdminDevice005','temperature','string','temperature',0,'°C','refresh_rate',300,NULL,NULL,1),('orionUNIFI','AdminDevice1','humidity','string','humidity',0,'#','refresh_rate',300,NULL,NULL,2),('orionUNIFI','AdminDevice1','temperature','string','temperature',0,'°C','refresh_rate',300,NULL,NULL,1),('orionUNIFI','AdminTest005','humidity','string','humidity',0,'#','refresh_rate',300,NULL,NULL,2),('orionUNIFI','AdminTest005','temperature','string','temperature',0,'°C','refresh_rate',300,NULL,NULL,1),('orionUNIFI','AudioButton_254_widgetOnOffButton2930','actuatorcanceller','string','actuator_canceller',1,'','refresh_rate',300,NULL,NULL,2),('orionUNIFI','AudioButton_254_widgetOnOffButton2930','actuatordeleted','boolean','actuator_deleted',1,'','refresh_rate',300,NULL,NULL,3),('orionUNIFI','AudioButton_254_widgetOnOffButton2930','actuatordeletiondate','string','actuator_deletion_date',1,'','refresh_rate',300,NULL,NULL,4),('orionUNIFI','AudioButton_254_widgetOnOffButton2930','audio','string','audio',1,'','refresh_rate',300,NULL,NULL,1),('orionUNIFI','AudioButton_254_widgetOnOffButton2930','creationdate','string','creation_date',1,'','refresh_rate',300,NULL,NULL,5),('orionUNIFI','AudioButton_254_widgetOnOffButton2930','entitycreator','string','entity_creator',1,'','refresh_rate',300,NULL,NULL,6),('orionUNIFI','AudioButton_254_widgetOnOffButton2930','entitydesc','string','entity_desc',1,'','refresh_rate',300,NULL,NULL,7),('orionUNIFI','CityLamp_274_widgetOnOffButton3379','actuatorcanceller','string','actuator_canceller',1,'','refresh_rate',300,NULL,NULL,2),('orionUNIFI','CityLamp_274_widgetOnOffButton3379','actuatordeleted','boolean','actuator_deleted',1,'','refresh_rate',300,NULL,NULL,3),('orionUNIFI','CityLamp_274_widgetOnOffButton3379','actuatordeletiondate','string','actuator_deletion_date',1,'','refresh_rate',300,NULL,NULL,4),('orionUNIFI','CityLamp_274_widgetOnOffButton3379','creationdate','string','creation_date',1,'','refresh_rate',300,NULL,NULL,5),('orionUNIFI','CityLamp_274_widgetOnOffButton3379','entitycreator','string','entity_creator',1,'','refresh_rate',300,NULL,NULL,6),('orionUNIFI','CityLamp_274_widgetOnOffButton3379','entitydesc','string','entity_desc',1,'','refresh_rate',300,NULL,NULL,7),('orionUNIFI','CityLamp_274_widgetOnOffButton3379','status','string','status',1,'','refresh_rate',300,NULL,NULL,1),('orionUNIFI','device01','humidity','float','humidity',0,'#','refresh_rate',300,NULL,NULL,2),('orionUNIFI','device01','temperature','float','temperature',0,'°C','refresh_rate',300,NULL,NULL,1),('orionUNIFI','device02','humidity','string','humidity',0,'#','refresh_rate',300,NULL,NULL,2),('orionUNIFI','device02','temperature','string','temperature',0,'°C','refresh_rate',300,NULL,NULL,1),('orionUNIFI','DeviceAdmin003','humidity','string','humidity',0,'#','refresh_rate',300,NULL,NULL,2),('orionUNIFI','DeviceAdmin003','temperature','string','temperature',0,'°C','refresh_rate',300,NULL,NULL,1),('orionUNIFI','devicetest1','humidity','float','humidity',0,'#','refresh_rate',300,NULL,NULL,2),('orionUNIFI','devicetest1','temperature','float','temperature',0,'°C','refresh_rate',300,NULL,NULL,1),('orionUNIFI','deviceUser1','humidity','float','humidity',0,'#','refresh_rate',300,NULL,NULL,2),('orionUNIFI','deviceUser1','temperature','float','temperature',0,'°C','refresh_rate',300,NULL,NULL,1),('orionUNIFI','ImpulseEntity_230_widgetImpulseButton2118','actuatorcanceller','string','actuator_canceller',0,'','refresh_rate',300,NULL,NULL,2),('orionUNIFI','ImpulseEntity_230_widgetImpulseButton2118','actuatordeleted','boolean','actuator_deleted',0,'','refresh_rate',300,NULL,NULL,3),('orionUNIFI','ImpulseEntity_230_widgetImpulseButton2118','actuatordeletiondate','string','actuator_deletion_date',0,'','refresh_rate',300,NULL,NULL,4),('orionUNIFI','ImpulseEntity_230_widgetImpulseButton2118','creationdate','string','creation_date',0,'','refresh_rate',300,NULL,NULL,5),('orionUNIFI','ImpulseEntity_230_widgetImpulseButton2118','entitycreator','string','entity_creator',0,'','refresh_rate',300,NULL,NULL,6),('orionUNIFI','ImpulseEntity_230_widgetImpulseButton2118','entitydesc','string','entity_desc',0,'','refresh_rate',300,NULL,NULL,7),('orionUNIFI','ImpulseEntity_230_widgetImpulseButton2118','status','string','status',0,'','refresh_rate',300,NULL,NULL,1),('orionUNIFI','Lampione1','orientation','float','orientation',1,'','refresh_rate',300,NULL,NULL,1),('orionUNIFI','Lampione1','power','float','power',1,'W','refresh_rate',300,NULL,NULL,2),('orionUNIFI','Lampione1','status','string','status',1,'','refresh_rate',300,NULL,NULL,3),('orionUNIFI','Lampione1','temperature','float','temperature',1,'°C','refresh_rate',300,NULL,NULL,4),('orionUNIFI','Lampione2','orientation','float','orientation',1,'','refresh_rate',300,NULL,NULL,1),('orionUNIFI','Lampione2','power','float','power',1,'W','refresh_rate',300,NULL,NULL,2),('orionUNIFI','Lampione2','status','string','status',1,'','refresh_rate',300,NULL,NULL,3),('orionUNIFI','Lampione2','temperature','float','temperature',1,'°C','refresh_rate',300,NULL,NULL,4),('orionUNIFI','Lampione3','orientation','float','orientation',1,'','refresh_rate',300,NULL,NULL,1),('orionUNIFI','Lampione3','power','float','power',1,'W','refresh_rate',300,NULL,NULL,2),('orionUNIFI','Lampione3','status','string','status',1,'','refresh_rate',300,NULL,NULL,3),('orionUNIFI','Lampione3','temperature','float','temperature',1,'°C','refresh_rate',300,NULL,NULL,4),('orionUNIFI','Lampione_213_widgetOnOffButton2923','actuatorcanceller','string','actuator_canceller',1,'','refresh_rate',300,NULL,NULL,2),('orionUNIFI','Lampione_213_widgetOnOffButton2923','actuatordeleted','boolean','actuator_deleted',1,'','refresh_rate',300,NULL,NULL,3),('orionUNIFI','Lampione_213_widgetOnOffButton2923','actuatordeletiondate','string','actuator_deletion_date',1,'','refresh_rate',300,NULL,NULL,4),('orionUNIFI','Lampione_213_widgetOnOffButton2923','creationdate','string','creation_date',1,'','refresh_rate',300,NULL,NULL,5),('orionUNIFI','Lampione_213_widgetOnOffButton2923','entitycreator','string','entity_creator',1,'','refresh_rate',300,NULL,NULL,6),('orionUNIFI','Lampione_213_widgetOnOffButton2923','entitydesc','string','entity_desc',1,'','refresh_rate',300,NULL,NULL,7),('orionUNIFI','Lampione_213_widgetOnOffButton2923','status','string','status',1,'','refresh_rate',300,NULL,NULL,1),('orionUNIFI','Lampione_213_widgetOnOffButton2924','actuatorcanceller','string','actuator_canceller',1,'','refresh_rate',300,NULL,NULL,2),('orionUNIFI','Lampione_213_widgetOnOffButton2924','actuatordeleted','boolean','actuator_deleted',1,'','refresh_rate',300,NULL,NULL,3),('orionUNIFI','Lampione_213_widgetOnOffButton2924','actuatordeletiondate','string','actuator_deletion_date',1,'','refresh_rate',300,NULL,NULL,4),('orionUNIFI','Lampione_213_widgetOnOffButton2924','creationdate','string','creation_date',1,'','refresh_rate',300,NULL,NULL,5),('orionUNIFI','Lampione_213_widgetOnOffButton2924','entitycreator','string','entity_creator',1,'','refresh_rate',300,NULL,NULL,6),('orionUNIFI','Lampione_213_widgetOnOffButton2924','entitydesc','string','entity_desc',1,'','refresh_rate',300,NULL,NULL,7),('orionUNIFI','Lampione_213_widgetOnOffButton2924','status','string','status',1,'','refresh_rate',300,NULL,NULL,1),('orionUNIFI','Lampione_253_widgetOnOffButton2926','actuatorcanceller','string','actuator_canceller',1,'','refresh_rate',300,NULL,NULL,2),('orionUNIFI','Lampione_253_widgetOnOffButton2926','actuatordeleted','boolean','actuator_deleted',1,'','refresh_rate',300,NULL,NULL,3),('orionUNIFI','Lampione_253_widgetOnOffButton2926','actuatordeletiondate','string','actuator_deletion_date',1,'','refresh_rate',300,NULL,NULL,4),('orionUNIFI','Lampione_253_widgetOnOffButton2926','creationdate','string','creation_date',1,'','refresh_rate',300,NULL,NULL,5),('orionUNIFI','Lampione_253_widgetOnOffButton2926','entitycreator','string','entity_creator',1,'','refresh_rate',300,NULL,NULL,6),('orionUNIFI','Lampione_253_widgetOnOffButton2926','entitydesc','string','entity_desc',1,'','refresh_rate',300,NULL,NULL,7),('orionUNIFI','Lampione_253_widgetOnOffButton2926','status','string','status',1,'','refresh_rate',300,NULL,NULL,1),('orionUNIFI','Lamp_283_widgetOnOffButton3199','actuatorcanceller','string','actuator_canceller',1,'','refresh_rate',300,NULL,NULL,2),('orionUNIFI','Lamp_283_widgetOnOffButton3199','actuatordeleted','boolean','actuator_deleted',1,'','refresh_rate',300,NULL,NULL,3),('orionUNIFI','Lamp_283_widgetOnOffButton3199','actuatordeletiondate','string','actuator_deletion_date',1,'','refresh_rate',300,NULL,NULL,4),('orionUNIFI','Lamp_283_widgetOnOffButton3199','creationdate','string','creation_date',1,'','refresh_rate',300,NULL,NULL,5),('orionUNIFI','Lamp_283_widgetOnOffButton3199','entitycreator','string','entity_creator',1,'','refresh_rate',300,NULL,NULL,6),('orionUNIFI','Lamp_283_widgetOnOffButton3199','entitydesc','string','entity_desc',1,'','refresh_rate',300,NULL,NULL,7),('orionUNIFI','Lamp_283_widgetOnOffButton3199','status','string','status',1,'','refresh_rate',300,NULL,NULL,1),('orionUNIFI','llkkjj','humidity','float','humidity',0,'#','refresh_rate',300,NULL,NULL,2),('orionUNIFI','llkkjj','temperature','float','temperature',0,'°C','refresh_rate',300,NULL,NULL,1),('orionUNIFI','marco444444','humidity','float','humidity',0,'#','refresh_rate',300,NULL,NULL,2),('orionUNIFI','marco444444','temperature','float','temperature',0,'°C','refresh_rate',300,NULL,NULL,1),('orionUNIFI','marco5432','temperature','float','min_temperature',0,'°C','refresh_rate',100,NULL,NULL,1),('orionUNIFI','my device','humidity','float','humidity',0,'#','refresh_rate',300,NULL,NULL,2),('orionUNIFI','my device','temperature','float','temperature',0,'°C','refresh_rate',300,NULL,NULL,1),('orionUNIFI','MyThermometer002','humidity','float','humidity',0,'#','refresh_rate',300,NULL,NULL,2),('orionUNIFI','MyThermometer002','temperature','float','temperature',0,'°C','refresh_rate',300,NULL,NULL,1),('orionUNIFI','MyThermometerA','humidity','float','humidity',0,'#','refresh_rate',300,NULL,NULL,2),('orionUNIFI','MyThermometerA','temperature','float','temperature',0,'°C','refresh_rate',300,NULL,NULL,1),('orionUNIFI','MyThermometer_001','humidity','float','humidity',0,'#','refresh_rate',300,NULL,NULL,2),('orionUNIFI','MyThermometer_001','temperature','float','temperature',0,'°C','refresh_rate',300,NULL,NULL,1),('orionUNIFI','nona','humidity','float','humidity',0,'#','refresh_rate',300,NULL,NULL,2),('orionUNIFI','nona','temperature','float','temperature',0,'°C','refresh_rate',300,NULL,NULL,1),('orionUNIFI','PersonalAppSemaphoreCounters','actuatorcanceller','string','actuator_canceller',0,'','refresh_rate',300,NULL,NULL,1),('orionUNIFI','PersonalAppSemaphoreCounters','actuatordeleted','boolean','actuator_deleted',0,'','refresh_rate',300,NULL,NULL,2),('orionUNIFI','PersonalAppSemaphoreCounters','actuatordeletiondate','string','actuator_deletion_date',0,'','refresh_rate',300,NULL,NULL,3),('orionUNIFI','PersonalAppSemaphoreCounters','creationdate','string','creation_date',0,'','refresh_rate',300,NULL,NULL,4),('orionUNIFI','PersonalAppSemaphoreCounters','entitycreator','string','entity_creator',0,'','refresh_rate',300,NULL,NULL,5),('orionUNIFI','PersonalAppSemaphoreCounters','entitydesc','string','entity_desc',0,'','refresh_rate',300,NULL,NULL,6),('orionUNIFI','PersonalAppSemaphoreCounters','statecount','integer','state_count',0,'','refresh_rate',300,NULL,NULL,7),('orionUNIFI','PersonalAppSemaphoreCounters','statetime','integer','state_time',0,'','refresh_rate',300,NULL,NULL,8),('orionUNIFI','povaSAM','geolocalization_lat','float','latitude',0,'','refresh_rate',300,NULL,NULL,2),('orionUNIFI','povaSAM','geolocalization_lon','float','longitude',0,'','refresh_rate',300,NULL,NULL,3),('orionUNIFI','ppmm0101','humidity','float','humidity',0,'#','refresh_rate',300,NULL,NULL,2),('orionUNIFI','ppmm0101','temperature','float','temperature',0,'°C','refresh_rate',300,NULL,NULL,1),('orionUNIFI','ppwwppww','humidity','float','humidity',0,'#','refresh_rate',300,NULL,NULL,2),('orionUNIFI','ppwwppww','temperature','float','temperature',0,'°C','refresh_rate',300,NULL,NULL,1),('orionUNIFI','prova101','temper','binary','actuator_canceller',0,'#','refresh_rate',300,NULL,NULL,1),('orionUNIFI','prova11111','temper','binary','actuator_canceller',0,'#','refresh_rate',300,NULL,NULL,1),('orionUNIFI','Prova2896','humidity','float','humidity',0,'#','refresh_rate',300,NULL,NULL,2),('orionUNIFI','Prova2896','temperature','float','temperature',0,'°C','refresh_rate',300,NULL,NULL,1),('orionUNIFI','prova33','humidity','float','humidity',0,'#','refresh_rate',300,NULL,NULL,2),('orionUNIFI','prova33','temperature','float','temperature',0,'°C','refresh_rate',300,NULL,NULL,1),('orionUNIFI','Prova689','humidity','float','humidity',0,'#','refresh_rate',300,NULL,NULL,2),('orionUNIFI','Prova689','temperature','float','temperature',0,'°C','refresh_rate',300,NULL,NULL,1),('orionUNIFI','RaspberryPI104','Wind','float','wind',0,'km/h','refresh_rate',100,NULL,NULL,1),('orionUNIFI','RaspberryPi_2_Test','geolocalization_lat','float','latitude',1,'','refresh_rate',300,NULL,NULL,1),('orionUNIFI','RaspberryPi_2_Test','geolocalization_lon','float','longitude',1,'','refresh_rate',300,NULL,NULL,2),('orionUNIFI','RaspberryPi_2_Test','humidity','float','humidity',1,'%','refresh_rate',300,NULL,NULL,3),('orionUNIFI','RaspberryPi_2_Test','temperature','float','temperature',1,'°C','refresh_rate',300,NULL,NULL,5),('orionUNIFI','RaspberryPi_3_Test','geolocalization_lat','float','latitude',1,'','refresh_rate',300,NULL,NULL,1),('orionUNIFI','RaspberryPi_3_Test','geolocalization_lon','float','longitude',1,'','refresh_rate',300,NULL,NULL,2),('orionUNIFI','RaspberryPi_3_Test','humidity','float','humidity',1,'%','refresh_rate',300,NULL,NULL,3),('orionUNIFI','RaspberryPi_3_Test','temperature','float','temperature',1,'°C','refresh_rate',300,NULL,NULL,5),('orionUNIFI','RaspberryPi_4_Test','geolocalization_lat','float','latitude',1,'','refresh_rate',300,NULL,NULL,1),('orionUNIFI','RaspberryPi_4_Test','geolocalization_lon','float','longitude',1,'','refresh_rate',300,NULL,NULL,2),('orionUNIFI','RaspberryPi_4_Test','humidity','float','humidity',1,'%','refresh_rate',300,NULL,NULL,3),('orionUNIFI','RaspberryPi_4_Test','temperature','float','temperature',1,'°C','refresh_rate',300,NULL,NULL,5),('orionUNIFI','RaspberryPi_5_Test','geolocalization_lat','float','latitude',1,'','refresh_rate',300,NULL,NULL,1),('orionUNIFI','RaspberryPi_5_Test','geolocalization_lon','float','longitude',1,'','refresh_rate',300,NULL,NULL,2),('orionUNIFI','RaspberryPi_5_Test','humidity','float','humidity',1,'%','refresh_rate',300,NULL,NULL,3),('orionUNIFI','RaspberryPi_5_Test','temperature','float','temperature',1,'°C','refresh_rate',300,NULL,NULL,5),('orionUNIFI','RaspberryPi_Environment','geolocalization_lat','float','latitude',0,'','refresh_rate',300,NULL,NULL,1),('orionUNIFI','RaspberryPi_Environment','geolocalization_lon','float','longitude',0,'','refresh_rate',300,NULL,NULL,2),('orionUNIFI','RaspberryPi_Environment','humidity1','float','humidity',0,'%','refresh_rate',300,NULL,NULL,3),('orionUNIFI','RaspberryPi_Environment','humidity2','float','humidity',0,'%','refresh_rate',300,NULL,NULL,4),('orionUNIFI','RaspberryPi_Environment','temperature1','float','temperature',0,'°C','refresh_rate',300,NULL,NULL,6),('orionUNIFI','RaspberryPi_Environment','temperature2','float','temperature',0,'°C','refresh_rate',300,NULL,NULL,7),('orionUNIFI','RaspberryPi_Environment2','distance','float','average_vehicle_distance',0,'m','refresh_rate',100,NULL,NULL,3),('orionUNIFI','RaspberryPi_Environment2','humidity','float','humidity',0,'%','refresh_rate',100,NULL,NULL,2),('orionUNIFI','RaspberryPi_Environment2','temperature','float','temperature',0,'°C','refresh_rate',100,NULL,NULL,1),('orionUNIFI','SemaphoreActuator_227_widgetImpulseButton2115','actuatorcanceller','string','actuator_canceller',1,'','refresh_rate',300,NULL,NULL,2),('orionUNIFI','SemaphoreActuator_227_widgetImpulseButton2115','actuatordeleted','boolean','actuator_deleted',1,'','refresh_rate',300,NULL,NULL,3),('orionUNIFI','SemaphoreActuator_227_widgetImpulseButton2115','actuatordeletiondate','string','actuator_deletion_date',1,'','refresh_rate',300,NULL,NULL,4),('orionUNIFI','SemaphoreActuator_227_widgetImpulseButton2115','creationdate','string','creation_date',1,'','refresh_rate',300,NULL,NULL,5),('orionUNIFI','SemaphoreActuator_227_widgetImpulseButton2115','entitycreator','string','entity_creator',1,'','refresh_rate',300,NULL,NULL,6),('orionUNIFI','SemaphoreActuator_227_widgetImpulseButton2115','entitydesc','string','entity_desc',1,'','refresh_rate',300,NULL,NULL,7),('orionUNIFI','SemaphoreActuator_227_widgetImpulseButton2115','status','string','status',1,'','refresh_rate',300,NULL,NULL,1),('orionUNIFI','SemaphoreActuator_227_widgetImpulseButton2116','actuatorcanceller','string','actuator_canceller',1,'','refresh_rate',300,NULL,NULL,2),('orionUNIFI','SemaphoreActuator_227_widgetImpulseButton2116','actuatordeleted','boolean','actuator_deleted',1,'','refresh_rate',300,NULL,NULL,3),('orionUNIFI','SemaphoreActuator_227_widgetImpulseButton2116','actuatordeletiondate','string','actuator_deletion_date',1,'','refresh_rate',300,NULL,NULL,4),('orionUNIFI','SemaphoreActuator_227_widgetImpulseButton2116','creationdate','string','creation_date',1,'','refresh_rate',300,NULL,NULL,5),('orionUNIFI','SemaphoreActuator_227_widgetImpulseButton2116','entitycreator','string','entity_creator',1,'','refresh_rate',300,NULL,NULL,6),('orionUNIFI','SemaphoreActuator_227_widgetImpulseButton2116','entitydesc','string','entity_desc',1,'','refresh_rate',300,NULL,NULL,7),('orionUNIFI','SemaphoreActuator_227_widgetImpulseButton2116','status','string','status',1,'','refresh_rate',300,NULL,NULL,1),('orionUNIFI','Semaphore_257_widgetOnOffButton2942','actuatorcanceller','string','actuator_canceller',1,'','refresh_rate',300,NULL,NULL,2),('orionUNIFI','Semaphore_257_widgetOnOffButton2942','actuatordeleted','boolean','actuator_deleted',1,'','refresh_rate',300,NULL,NULL,3),('orionUNIFI','Semaphore_257_widgetOnOffButton2942','actuatordeletiondate','string','actuator_deletion_date',1,'','refresh_rate',300,NULL,NULL,4),('orionUNIFI','Semaphore_257_widgetOnOffButton2942','creationdate','string','creation_date',1,'','refresh_rate',300,NULL,NULL,5),('orionUNIFI','Semaphore_257_widgetOnOffButton2942','entitycreator','string','entity_creator',1,'','refresh_rate',300,NULL,NULL,6),('orionUNIFI','Semaphore_257_widgetOnOffButton2942','entitydesc','string','entity_desc',1,'','refresh_rate',300,NULL,NULL,7),('orionUNIFI','Semaphore_257_widgetOnOffButton2942','status','string','status',1,'','refresh_rate',300,NULL,NULL,1),('orionUNIFI','Semaphore_257_widgetOnOffButton2943','actuatorcanceller','string','actuator_canceller',1,'','refresh_rate',300,NULL,NULL,2),('orionUNIFI','Semaphore_257_widgetOnOffButton2943','actuatordeleted','boolean','actuator_deleted',1,'','refresh_rate',300,NULL,NULL,3),('orionUNIFI','Semaphore_257_widgetOnOffButton2943','actuatordeletiondate','string','actuator_deletion_date',1,'','refresh_rate',300,NULL,NULL,4),('orionUNIFI','Semaphore_257_widgetOnOffButton2943','creationdate','string','creation_date',1,'','refresh_rate',300,NULL,NULL,5),('orionUNIFI','Semaphore_257_widgetOnOffButton2943','entitycreator','string','entity_creator',1,'','refresh_rate',300,NULL,NULL,6),('orionUNIFI','Semaphore_257_widgetOnOffButton2943','entitydesc','string','entity_desc',1,'','refresh_rate',300,NULL,NULL,7),('orionUNIFI','Semaphore_257_widgetOnOffButton2943','status','string','status',1,'','refresh_rate',300,NULL,NULL,1),('orionUNIFI','Semaphore_257_widgetOnOffButton2944','actuatorcanceller','string','actuator_canceller',1,'','refresh_rate',300,NULL,NULL,2),('orionUNIFI','Semaphore_257_widgetOnOffButton2944','actuatordeleted','boolean','actuator_deleted',1,'','refresh_rate',300,NULL,NULL,3),('orionUNIFI','Semaphore_257_widgetOnOffButton2944','actuatordeletiondate','string','actuator_deletion_date',1,'','refresh_rate',300,NULL,NULL,4),('orionUNIFI','Semaphore_257_widgetOnOffButton2944','creationdate','string','creation_date',1,'','refresh_rate',300,NULL,NULL,5),('orionUNIFI','Semaphore_257_widgetOnOffButton2944','entitycreator','string','entity_creator',1,'','refresh_rate',300,NULL,NULL,6),('orionUNIFI','Semaphore_257_widgetOnOffButton2944','entitydesc','string','entity_desc',1,'','refresh_rate',300,NULL,NULL,7),('orionUNIFI','Semaphore_257_widgetOnOffButton2944','status','string','status',1,'','refresh_rate',300,NULL,NULL,1),('orionUNIFI','Semaphore_257_widgetOnOffButton2946','actuatorcanceller','string','actuator_canceller',1,'','refresh_rate',300,NULL,NULL,2),('orionUNIFI','Semaphore_257_widgetOnOffButton2946','actuatordeleted','boolean','actuator_deleted',1,'','refresh_rate',300,NULL,NULL,3),('orionUNIFI','Semaphore_257_widgetOnOffButton2946','actuatordeletiondate','string','actuator_deletion_date',1,'','refresh_rate',300,NULL,NULL,4),('orionUNIFI','Semaphore_257_widgetOnOffButton2946','creationdate','string','creation_date',1,'','refresh_rate',300,NULL,NULL,5),('orionUNIFI','Semaphore_257_widgetOnOffButton2946','entitycreator','string','entity_creator',1,'','refresh_rate',300,NULL,NULL,6),('orionUNIFI','Semaphore_257_widgetOnOffButton2946','entitydesc','string','entity_desc',1,'','refresh_rate',300,NULL,NULL,7),('orionUNIFI','Semaphore_257_widgetOnOffButton2946','status','string','status',1,'','refresh_rate',300,NULL,NULL,1),('orionUNIFI','Semaphore_257_widgetOnOffButton2948','actuatorcanceller','string','actuator_canceller',1,'','refresh_rate',300,NULL,NULL,2),('orionUNIFI','Semaphore_257_widgetOnOffButton2948','actuatordeleted','boolean','actuator_deleted',1,'','refresh_rate',300,NULL,NULL,3),('orionUNIFI','Semaphore_257_widgetOnOffButton2948','actuatordeletiondate','string','actuator_deletion_date',1,'','refresh_rate',300,NULL,NULL,4),('orionUNIFI','Semaphore_257_widgetOnOffButton2948','creationdate','string','creation_date',1,'','refresh_rate',300,NULL,NULL,5),('orionUNIFI','Semaphore_257_widgetOnOffButton2948','entitycreator','string','entity_creator',1,'','refresh_rate',300,NULL,NULL,6),('orionUNIFI','Semaphore_257_widgetOnOffButton2948','entitydesc','string','entity_desc',1,'','refresh_rate',300,NULL,NULL,7),('orionUNIFI','Semaphore_257_widgetOnOffButton2948','status','string','status',1,'','refresh_rate',300,NULL,NULL,1),('orionUNIFI','smartLight_185_widgetKnob2417','actuatorcanceller','string','actuator_canceller',1,'','refresh_rate',300,NULL,NULL,2),('orionUNIFI','smartLight_185_widgetKnob2417','actuatordeleted','boolean','actuator_deleted',1,'','refresh_rate',300,NULL,NULL,3),('orionUNIFI','smartLight_185_widgetKnob2417','actuatordeletiondate','string','actuator_deletion_date',1,'','refresh_rate',300,NULL,NULL,4),('orionUNIFI','smartLight_185_widgetKnob2417','creationdate','string','creation_date',1,'','refresh_rate',300,NULL,NULL,5),('orionUNIFI','smartLight_185_widgetKnob2417','entitycreator','string','entity_creator',1,'','refresh_rate',300,NULL,NULL,6),('orionUNIFI','smartLight_185_widgetKnob2417','entitydesc','string','entity_desc',1,'','refresh_rate',300,NULL,NULL,7),('orionUNIFI','smartLight_185_widgetKnob2417','power','integer','power',1,'W','refresh_rate',300,NULL,NULL,1),('orionUNIFI','SmartLight_213_widgetKnob2287','actuatorcanceller','string','actuator_canceller',1,'','refresh_rate',300,NULL,NULL,2),('orionUNIFI','SmartLight_213_widgetKnob2287','actuatordeleted','boolean','actuator_deleted',1,'','refresh_rate',300,NULL,NULL,3),('orionUNIFI','SmartLight_213_widgetKnob2287','actuatordeletiondate','string','actuator_deletion_date',1,'','refresh_rate',300,NULL,NULL,4),('orionUNIFI','SmartLight_213_widgetKnob2287','creationdate','string','creation_date',1,'','refresh_rate',300,NULL,NULL,5),('orionUNIFI','SmartLight_213_widgetKnob2287','entitycreator','string','entity_creator',1,'','refresh_rate',300,NULL,NULL,6),('orionUNIFI','SmartLight_213_widgetKnob2287','entitydesc','string','entity_desc',1,'','refresh_rate',300,NULL,NULL,7),('orionUNIFI','SmartLight_213_widgetKnob2287','power','float','power',1,'W','refresh_rate',300,NULL,NULL,1),('orionUNIFI','SmartLight_213_widgetKnob2288','actuatorcanceller','string','actuator_canceller',1,'','refresh_rate',300,NULL,NULL,2),('orionUNIFI','SmartLight_213_widgetKnob2288','actuatordeleted','boolean','actuator_deleted',1,'','refresh_rate',300,NULL,NULL,3),('orionUNIFI','SmartLight_213_widgetKnob2288','actuatordeletiondate','string','actuator_deletion_date',1,'','refresh_rate',300,NULL,NULL,4),('orionUNIFI','SmartLight_213_widgetKnob2288','creationdate','string','creation_date',1,'','refresh_rate',300,NULL,NULL,5),('orionUNIFI','SmartLight_213_widgetKnob2288','entitycreator','string','entity_creator',1,'','refresh_rate',300,NULL,NULL,6),('orionUNIFI','SmartLight_213_widgetKnob2288','entitydesc','string','entity_desc',1,'','refresh_rate',300,NULL,NULL,7),('orionUNIFI','SmartLight_213_widgetKnob2288','power','float','power',1,'W','refresh_rate',300,NULL,NULL,1),('orionUNIFI','smartLight_216_widgetKnob2301','actuatorcanceller','string','actuator_canceller',1,'','refresh_rate',300,NULL,NULL,2),('orionUNIFI','smartLight_216_widgetKnob2301','actuatordeleted','boolean','actuator_deleted',1,'','refresh_rate',300,NULL,NULL,3),('orionUNIFI','smartLight_216_widgetKnob2301','actuatordeletiondate','string','actuator_deletion_date',1,'','refresh_rate',300,NULL,NULL,4),('orionUNIFI','smartLight_216_widgetKnob2301','creationdate','string','creation_date',1,'','refresh_rate',300,NULL,NULL,5),('orionUNIFI','smartLight_216_widgetKnob2301','entitycreator','string','entity_creator',1,'','refresh_rate',300,NULL,NULL,6),('orionUNIFI','smartLight_216_widgetKnob2301','entitydesc','string','entity_desc',1,'','refresh_rate',300,NULL,NULL,7),('orionUNIFI','smartLight_216_widgetKnob2301','power','float','power',1,'W','refresh_rate',300,NULL,NULL,1),('orionUNIFI','SmartLight_221_widgetKnob2380','actuatorcanceller','string','actuator_canceller',1,'','refresh_rate',300,NULL,NULL,2),('orionUNIFI','SmartLight_221_widgetKnob2380','actuatordeleted','boolean','actuator_deleted',1,'','refresh_rate',300,NULL,NULL,3),('orionUNIFI','SmartLight_221_widgetKnob2380','actuatordeletiondate','string','actuator_deletion_date',1,'','refresh_rate',300,NULL,NULL,4),('orionUNIFI','SmartLight_221_widgetKnob2380','creationdate','string','creation_date',1,'','refresh_rate',300,NULL,NULL,5),('orionUNIFI','SmartLight_221_widgetKnob2380','entitycreator','string','entity_creator',1,'','refresh_rate',300,NULL,NULL,6),('orionUNIFI','SmartLight_221_widgetKnob2380','entitydesc','string','entity_desc',1,'','refresh_rate',300,NULL,NULL,7),('orionUNIFI','SmartLight_221_widgetKnob2380','power','float','power',1,'W','refresh_rate',300,NULL,NULL,1),('orionUNIFI','SmartLight_254_widgetKnob2929','actuatorcanceller','string','actuator_canceller',1,'','refresh_rate',300,NULL,NULL,2),('orionUNIFI','SmartLight_254_widgetKnob2929','actuatordeleted','boolean','actuator_deleted',1,'','refresh_rate',300,NULL,NULL,3),('orionUNIFI','SmartLight_254_widgetKnob2929','actuatordeletiondate','string','actuator_deletion_date',1,'','refresh_rate',300,NULL,NULL,4),('orionUNIFI','SmartLight_254_widgetKnob2929','creationdate','string','creation_date',1,'','refresh_rate',300,NULL,NULL,5),('orionUNIFI','SmartLight_254_widgetKnob2929','entitycreator','string','entity_creator',1,'','refresh_rate',300,NULL,NULL,6),('orionUNIFI','SmartLight_254_widgetKnob2929','entitydesc','string','entity_desc',1,'','refresh_rate',300,NULL,NULL,7),('orionUNIFI','SmartLight_254_widgetKnob2929','power','float','power',1,'W','refresh_rate',300,NULL,NULL,1),('orionUNIFI','SpeedLimitDimer_230_widgetKnob2120','actuatorcanceller','string','actuator_canceller',0,'','refresh_rate',300,NULL,NULL,2),('orionUNIFI','SpeedLimitDimer_230_widgetKnob2120','actuatordeleted','boolean','actuator_deleted',0,'','refresh_rate',300,NULL,NULL,3),('orionUNIFI','SpeedLimitDimer_230_widgetKnob2120','actuatordeletiondate','string','actuator_deletion_date',0,'','refresh_rate',300,NULL,NULL,4),('orionUNIFI','SpeedLimitDimer_230_widgetKnob2120','creationdate','string','creation_date',0,'','refresh_rate',300,NULL,NULL,5),('orionUNIFI','SpeedLimitDimer_230_widgetKnob2120','entitycreator','string','entity_creator',0,'','refresh_rate',300,NULL,NULL,6),('orionUNIFI','SpeedLimitDimer_230_widgetKnob2120','entitydesc','string','entity_desc',0,'','refresh_rate',300,NULL,NULL,7),('orionUNIFI','SpeedLimitDimer_230_widgetKnob2120','speed','integer','speed',0,'','refresh_rate',300,NULL,NULL,1),('orionUNIFI','SpeedLimitDimer_257_widgetKnob2952','actuatorcanceller','string','actuator_canceller',0,'','refresh_rate',300,NULL,NULL,2),('orionUNIFI','SpeedLimitDimer_257_widgetKnob2952','actuatordeleted','boolean','actuator_deleted',0,'','refresh_rate',300,NULL,NULL,3),('orionUNIFI','SpeedLimitDimer_257_widgetKnob2952','actuatordeletiondate','string','actuator_deletion_date',0,'','refresh_rate',300,NULL,NULL,4),('orionUNIFI','SpeedLimitDimer_257_widgetKnob2952','creationdate','string','creation_date',0,'','refresh_rate',300,NULL,NULL,5),('orionUNIFI','SpeedLimitDimer_257_widgetKnob2952','entitycreator','string','entity_creator',0,'','refresh_rate',300,NULL,NULL,6),('orionUNIFI','SpeedLimitDimer_257_widgetKnob2952','entitydesc','string','entity_desc',0,'','refresh_rate',300,NULL,NULL,7),('orionUNIFI','SpeedLimitDimer_257_widgetKnob2952','speed','integer','speed',0,'','refresh_rate',300,NULL,NULL,1),('orionUNIFI','SpeedLimit_230_widgetSpeedLimit2118','actuatorcanceller','string','actuator_canceller',0,'','refresh_rate',300,NULL,NULL,2),('orionUNIFI','SpeedLimit_230_widgetSpeedLimit2118','actuatordeleted','boolean','actuator_deleted',0,'','refresh_rate',300,NULL,NULL,3),('orionUNIFI','SpeedLimit_230_widgetSpeedLimit2118','actuatordeletiondate','string','actuator_deletion_date',0,'','refresh_rate',300,NULL,NULL,4),('orionUNIFI','SpeedLimit_230_widgetSpeedLimit2118','creationdate','string','creation_date',0,'','refresh_rate',300,NULL,NULL,5),('orionUNIFI','SpeedLimit_230_widgetSpeedLimit2118','entitycreator','string','entity_creator',0,'','refresh_rate',300,NULL,NULL,6),('orionUNIFI','SpeedLimit_230_widgetSpeedLimit2118','entitydesc','string','entity_desc',0,'','refresh_rate',300,NULL,NULL,7),('orionUNIFI','SpeedLimit_230_widgetSpeedLimit2118','status','integer','status',0,'','refresh_rate',300,NULL,NULL,1),('orionUNIFI','SpeedLimit_230_widgetSpeedLimit2119','actuatorcanceller','string','actuator_canceller',0,'','refresh_rate',300,NULL,NULL,2),('orionUNIFI','SpeedLimit_230_widgetSpeedLimit2119','actuatordeleted','boolean','actuator_deleted',0,'','refresh_rate',300,NULL,NULL,3),('orionUNIFI','SpeedLimit_230_widgetSpeedLimit2119','actuatordeletiondate','string','actuator_deletion_date',0,'','refresh_rate',300,NULL,NULL,4),('orionUNIFI','SpeedLimit_230_widgetSpeedLimit2119','creationdate','string','creation_date',0,'','refresh_rate',300,NULL,NULL,5),('orionUNIFI','SpeedLimit_230_widgetSpeedLimit2119','entitycreator','string','entity_creator',0,'','refresh_rate',300,NULL,NULL,6),('orionUNIFI','SpeedLimit_230_widgetSpeedLimit2119','entitydesc','string','entity_desc',0,'','refresh_rate',300,NULL,NULL,7),('orionUNIFI','SpeedLimit_230_widgetSpeedLimit2119','status','integer','status',0,'','refresh_rate',300,NULL,NULL,1),('orionUNIFI','SpeedLimit_257_widgetSpeedLimit2953','actuatorcanceller','string','actuator_canceller',0,'','refresh_rate',300,NULL,NULL,2),('orionUNIFI','SpeedLimit_257_widgetSpeedLimit2953','actuatordeleted','boolean','actuator_deleted',0,'','refresh_rate',300,NULL,NULL,3),('orionUNIFI','SpeedLimit_257_widgetSpeedLimit2953','actuatordeletiondate','string','actuator_deletion_date',0,'','refresh_rate',300,NULL,NULL,4),('orionUNIFI','SpeedLimit_257_widgetSpeedLimit2953','creationdate','string','creation_date',0,'','refresh_rate',300,NULL,NULL,5),('orionUNIFI','SpeedLimit_257_widgetSpeedLimit2953','entitycreator','string','entity_creator',0,'','refresh_rate',300,NULL,NULL,6),('orionUNIFI','SpeedLimit_257_widgetSpeedLimit2953','entitydesc','string','entity_desc',0,'','refresh_rate',300,NULL,NULL,7),('orionUNIFI','SpeedLimit_257_widgetSpeedLimit2953','status','string','status',0,'','refresh_rate',300,NULL,NULL,1),('orionUNIFI','SpeedLimit_257_widgetSpeedLimit2955','actuatorcanceller','integer','actuator_canceller',0,'','refresh_rate',300,NULL,NULL,1),('orionUNIFI','SpeedLimit_257_widgetSpeedLimit2955','actuatordeleted','boolean','actuator_deleted',0,'','refresh_rate',300,NULL,NULL,2),('orionUNIFI','SpeedLimit_257_widgetSpeedLimit2955','actuatordeletiondate','string','actuator_deletion_date',0,'','refresh_rate',300,NULL,NULL,3),('orionUNIFI','SpeedLimit_257_widgetSpeedLimit2955','creationdate','string','creation_date',0,'','refresh_rate',300,NULL,NULL,4),('orionUNIFI','SpeedLimit_257_widgetSpeedLimit2955','entitycreator','string','entity_creator',0,'','refresh_rate',300,NULL,NULL,5),('orionUNIFI','SpeedLimit_257_widgetSpeedLimit2955','entitydesc','string','entity_desc',0,'','refresh_rate',300,NULL,NULL,6),('orionUNIFI','SpeedLimit_257_widgetSpeedLimit2955','status','string','status',0,'','refresh_rate',300,NULL,NULL,7),('orionUNIFI','SpeedLimit_257_widgetSpeedLimit2964','actuatorcanceller','string','actuator_canceller',0,'','refresh_rate',300,NULL,NULL,2),('orionUNIFI','SpeedLimit_257_widgetSpeedLimit2964','actuatordeleted','boolean','actuator_deleted',0,'','refresh_rate',300,NULL,NULL,3),('orionUNIFI','SpeedLimit_257_widgetSpeedLimit2964','actuatordeletiondate','string','actuator_deletion_date',0,'','refresh_rate',300,NULL,NULL,4),('orionUNIFI','SpeedLimit_257_widgetSpeedLimit2964','creationdate','string','creation_date',0,'','refresh_rate',300,NULL,NULL,5),('orionUNIFI','SpeedLimit_257_widgetSpeedLimit2964','entitycreator','string','entity_creator',0,'','refresh_rate',300,NULL,NULL,6),('orionUNIFI','SpeedLimit_257_widgetSpeedLimit2964','entitydesc','string','entity_desc',0,'','refresh_rate',300,NULL,NULL,7),('orionUNIFI','SpeedLimit_257_widgetSpeedLimit2964','status','string','status',0,'','refresh_rate',300,NULL,NULL,1),('orionUNIFI','SpeedLimit_257_widgetSpeedLimit2965','actuatorcanceller','string','actuator_canceller',0,'','refresh_rate',300,NULL,NULL,2),('orionUNIFI','SpeedLimit_257_widgetSpeedLimit2965','actuatordeleted','boolean','actuator_deleted',0,'','refresh_rate',300,NULL,NULL,3),('orionUNIFI','SpeedLimit_257_widgetSpeedLimit2965','actuatordeletiondate','string','actuator_deletion_date',0,'','refresh_rate',300,NULL,NULL,4),('orionUNIFI','SpeedLimit_257_widgetSpeedLimit2965','creationdate','string','creation_date',0,'','refresh_rate',300,NULL,NULL,5),('orionUNIFI','SpeedLimit_257_widgetSpeedLimit2965','entitycreator','string','entity_creator',0,'','refresh_rate',300,NULL,NULL,6),('orionUNIFI','SpeedLimit_257_widgetSpeedLimit2965','entitydesc','string','entity_desc',0,'','refresh_rate',300,NULL,NULL,7),('orionUNIFI','SpeedLimit_257_widgetSpeedLimit2965','status','string','status',0,'','refresh_rate',300,NULL,NULL,1),('orionUNIFI','StopValue_254_widgetOnOffButton2931','actuatorcanceller','string','actuator_canceller',1,'','refresh_rate',300,NULL,NULL,2),('orionUNIFI','StopValue_254_widgetOnOffButton2931','actuatordeleted','boolean','actuator_deleted',1,'','refresh_rate',300,NULL,NULL,3),('orionUNIFI','StopValue_254_widgetOnOffButton2931','actuatordeletiondate','string','actuator_deletion_date',1,'','refresh_rate',300,NULL,NULL,4),('orionUNIFI','StopValue_254_widgetOnOffButton2931','creationdate','string','creation_date',1,'','refresh_rate',300,NULL,NULL,5),('orionUNIFI','StopValue_254_widgetOnOffButton2931','entitycreator','string','entity_creator',1,'','refresh_rate',300,NULL,NULL,6),('orionUNIFI','StopValue_254_widgetOnOffButton2931','entitydesc','string','entity_desc',1,'','refresh_rate',300,NULL,NULL,7),('orionUNIFI','StopValue_254_widgetOnOffButton2931','stop','string','stop',1,'','refresh_rate',300,NULL,NULL,1),('orionUNIFI','Test002','speed','integer','speed',0,'km/h','refresh_rate',100,NULL,NULL,1),('orionUNIFI','Test003','fuel_price','float','fuel_price',0,'euro','refresh_rate',100,NULL,NULL,1),('orionUNIFI','TestUser002','humidity','float','humidity',0,'#','refresh_rate',300,NULL,NULL,2),('orionUNIFI','TestUser002','temperature','float','temperature',0,'°C','refresh_rate',300,NULL,NULL,1),('orionUNIFI','TestUser003','humidity','float','humidity',0,'#','refresh_rate',300,NULL,NULL,2),('orionUNIFI','TestUser003','temperature','float','temperature',0,'°C','refresh_rate',300,NULL,NULL,1),('orionUNIFI','test_aircond01','geolocalization_lat','float','latitude',0,'','refresh_rate',300,NULL,NULL,1),('orionUNIFI','test_aircond01','geolocalization_lon','float','longitude',0,'','refresh_rate',300,NULL,NULL,2),('orionUNIFI','test_aircond01','status','string','status',0,'','refresh_rate',300,NULL,NULL,4),('orionUNIFI','test_sensor01','geolocalization_lat','float','latitude',0,'','refresh_rate',300,NULL,NULL,1),('orionUNIFI','test_sensor01','geolocalization_lon','float','longitude',0,'','refresh_rate',300,NULL,NULL,2),('orionUNIFI','test_sensor01','temperature','float','temperature',0,'°C','refresh_rate',300,NULL,NULL,4),('orionUNIFI','test_sensor02','geolocalization_lat','float','latitude',0,'','refresh_rate',300,NULL,NULL,1),('orionUNIFI','test_sensor02','geolocalization_lon','float','longitude',0,'','refresh_rate',300,NULL,NULL,2),('orionUNIFI','test_sensor02','model','string','model',0,'','refresh_rate',300,NULL,NULL,3),('orionUNIFI','test_sensor02','temperature','float','temperature',0,'°C','refresh_rate',300,NULL,NULL,4),('orionUNIFI','test_sensor03','geolocalization_lat','float','latitude',0,'','refresh_rate',300,NULL,NULL,1),('orionUNIFI','test_sensor03','geolocalization_lon','float','longitude',0,'','refresh_rate',300,NULL,NULL,2),('orionUNIFI','test_sensor03','temperature','float','temperature',0,'°C','refresh_rate',300,NULL,NULL,4),('orionUNIFI','TextUser003','humidity','float','humidity',0,'#','refresh_rate',300,NULL,NULL,2),('orionUNIFI','TextUser003','temperature','float','temperature',0,'°C','refresh_rate',300,NULL,NULL,1),('orionUNIFI','TrafficLightActuator_257_widgetImpulseButton2961','actuatorcanceller','string','actuator_canceller',0,'','refresh_rate',300,NULL,NULL,2),('orionUNIFI','TrafficLightActuator_257_widgetImpulseButton2961','actuatordeleted','boolean','actuator_deleted',0,'','refresh_rate',300,NULL,NULL,3),('orionUNIFI','TrafficLightActuator_257_widgetImpulseButton2961','actuatordeletiondate','string','actuator_deletion_date',0,'','refresh_rate',300,NULL,NULL,4),('orionUNIFI','TrafficLightActuator_257_widgetImpulseButton2961','creationdate','string','creation_date',0,'','refresh_rate',300,NULL,NULL,5),('orionUNIFI','TrafficLightActuator_257_widgetImpulseButton2961','entitycreator','string','entity_creator',0,'','refresh_rate',300,NULL,NULL,6),('orionUNIFI','TrafficLightActuator_257_widgetImpulseButton2961','entitydesc','string','entity_desc',0,'','refresh_rate',300,NULL,NULL,7),('orionUNIFI','TrafficLightActuator_257_widgetImpulseButton2961','status','string','status',0,'','refresh_rate',300,NULL,NULL,1),('orionUNIFI','TrafficLightActuator_257_widgetImpulseButton2962','actuatorcanceller','string','actuator_canceller',0,'','refresh_rate',300,NULL,NULL,2),('orionUNIFI','TrafficLightActuator_257_widgetImpulseButton2962','actuatordeleted','boolean','actuator_deleted',0,'','refresh_rate',300,NULL,NULL,3),('orionUNIFI','TrafficLightActuator_257_widgetImpulseButton2962','actuatordeletiondate','string','actuator_deletion_date',0,'','refresh_rate',300,NULL,NULL,4),('orionUNIFI','TrafficLightActuator_257_widgetImpulseButton2962','creationdate','string','creation_date',0,'','refresh_rate',300,NULL,NULL,5),('orionUNIFI','TrafficLightActuator_257_widgetImpulseButton2962','entitycreator','string','entity_creator',0,'','refresh_rate',300,NULL,NULL,6),('orionUNIFI','TrafficLightActuator_257_widgetImpulseButton2962','entitydesc','string','entity_desc',0,'','refresh_rate',300,NULL,NULL,7),('orionUNIFI','TrafficLightActuator_257_widgetImpulseButton2962','status','string','status',0,'','refresh_rate',300,NULL,NULL,1),('orionUNIFI','TrafficLight_227_widgetTrafficLight2117','actuatorcanceller','string','actuator_canceller',0,'','refresh_rate',300,NULL,NULL,2),('orionUNIFI','TrafficLight_227_widgetTrafficLight2117','actuatordeleted','boolean','actuator_deleted',0,'','refresh_rate',300,NULL,NULL,3),('orionUNIFI','TrafficLight_227_widgetTrafficLight2117','actuatordeletiondate','string','actuator_deletion_date',0,'','refresh_rate',300,NULL,NULL,4),('orionUNIFI','TrafficLight_227_widgetTrafficLight2117','creationdate','string','creation_date',0,'','refresh_rate',300,NULL,NULL,5),('orionUNIFI','TrafficLight_227_widgetTrafficLight2117','entitycreator','string','entity_creator',0,'','refresh_rate',300,NULL,NULL,6),('orionUNIFI','TrafficLight_227_widgetTrafficLight2117','entitydesc','string','entity_desc',0,'','refresh_rate',300,NULL,NULL,7),('orionUNIFI','TrafficLight_227_widgetTrafficLight2117','status','string','status',0,'','refresh_rate',300,NULL,NULL,1),('orionUNIFI','TrafficLight_229_widgetOnOffButton2932','actuatorcanceller','string','actuator_canceller',0,'','refresh_rate',300,NULL,NULL,2),('orionUNIFI','TrafficLight_229_widgetOnOffButton2932','actuatordeleted','boolean','actuator_deleted',0,'','refresh_rate',300,NULL,NULL,3),('orionUNIFI','TrafficLight_229_widgetOnOffButton2932','actuatordeletiondate','string','actuator_deletion_date',0,'','refresh_rate',300,NULL,NULL,4),('orionUNIFI','TrafficLight_229_widgetOnOffButton2932','creationdate','string','creation_date',0,'','refresh_rate',300,NULL,NULL,5),('orionUNIFI','TrafficLight_229_widgetOnOffButton2932','entitycreator','string','entity_creator',0,'','refresh_rate',300,NULL,NULL,6),('orionUNIFI','TrafficLight_229_widgetOnOffButton2932','entitydesc','string','entity_desc',0,'','refresh_rate',300,NULL,NULL,7),('orionUNIFI','TrafficLight_229_widgetOnOffButton2932','status','string','status',0,'','refresh_rate',300,NULL,NULL,1),('orionUNIFI','TrafficLight_254_widgetOnOffButton2934','actuatorcanceller','string','actuator_canceller',0,'','refresh_rate',300,NULL,NULL,2),('orionUNIFI','TrafficLight_254_widgetOnOffButton2934','actuatordeleted','boolean','actuator_deleted',0,'','refresh_rate',300,NULL,NULL,3),('orionUNIFI','TrafficLight_254_widgetOnOffButton2934','actuatordeletiondate','string','actuator_deletion_date',0,'','refresh_rate',300,NULL,NULL,4),('orionUNIFI','TrafficLight_254_widgetOnOffButton2934','creationdate','string','creation_date',0,'','refresh_rate',300,NULL,NULL,5),('orionUNIFI','TrafficLight_254_widgetOnOffButton2934','entitycreator','string','entity_creator',0,'','refresh_rate',300,NULL,NULL,6),('orionUNIFI','TrafficLight_254_widgetOnOffButton2934','entitydesc','string','entity_desc',0,'','refresh_rate',300,NULL,NULL,7),('orionUNIFI','TrafficLight_254_widgetOnOffButton2934','status','string','status',0,'','refresh_rate',300,NULL,NULL,1),('orionUNIFI','TrafficLight_257_widgetTrafficLight2963','actuatorcanceller','string','actuator_canceller',0,'','refresh_rate',300,NULL,NULL,2),('orionUNIFI','TrafficLight_257_widgetTrafficLight2963','actuatordeleted','boolean','actuator_deleted',0,'','refresh_rate',300,NULL,NULL,3),('orionUNIFI','TrafficLight_257_widgetTrafficLight2963','actuatordeletiondate','string','actuator_deletion_date',0,'','refresh_rate',300,NULL,NULL,4),('orionUNIFI','TrafficLight_257_widgetTrafficLight2963','creationdate','string','creation_date',0,'','refresh_rate',300,NULL,NULL,5),('orionUNIFI','TrafficLight_257_widgetTrafficLight2963','entitycreator','string','entity_creator',0,'','refresh_rate',300,NULL,NULL,6),('orionUNIFI','TrafficLight_257_widgetTrafficLight2963','entitydesc','string','entity_desc',0,'','refresh_rate',300,NULL,NULL,7),('orionUNIFI','TrafficLight_257_widgetTrafficLight2963','status','string','status',0,'','refresh_rate',300,NULL,NULL,1),('orionUNIFI','TrainPass_241_widgetOnOffButton2129','actuatorcanceller','string','actuator_canceller',0,'','refresh_rate',300,NULL,NULL,2),('orionUNIFI','TrainPass_241_widgetOnOffButton2129','actuatordeleted','boolean','actuator_deleted',0,'','refresh_rate',300,NULL,NULL,3),('orionUNIFI','TrainPass_241_widgetOnOffButton2129','actuatordeletiondate','string','actuator_deletion_date',0,'','refresh_rate',300,NULL,NULL,4),('orionUNIFI','TrainPass_241_widgetOnOffButton2129','creationdate','string','creation_date',0,'','refresh_rate',300,NULL,NULL,5),('orionUNIFI','TrainPass_241_widgetOnOffButton2129','entitycreator','string','entity_creator',0,'','refresh_rate',300,NULL,NULL,6),('orionUNIFI','TrainPass_241_widgetOnOffButton2129','entitydesc','string','entity_desc',0,'','refresh_rate',300,NULL,NULL,7),('orionUNIFI','TrainPass_241_widgetOnOffButton2129','status','string','status',0,'','refresh_rate',300,NULL,NULL,1),('orionUNIFI','TrainPass_283_widgetImpulseButton3198','actuatorcanceller','string','actuator_canceller',1,'','refresh_rate',300,NULL,NULL,2),('orionUNIFI','TrainPass_283_widgetImpulseButton3198','actuatordeleted','boolean','actuator_deleted',1,'','refresh_rate',300,NULL,NULL,3),('orionUNIFI','TrainPass_283_widgetImpulseButton3198','actuatordeletiondate','string','actuator_deletion_date',1,'','refresh_rate',300,NULL,NULL,4),('orionUNIFI','TrainPass_283_widgetImpulseButton3198','creationdate','string','creation_date',1,'','refresh_rate',300,NULL,NULL,5),('orionUNIFI','TrainPass_283_widgetImpulseButton3198','entitycreator','string','entity_creator',1,'','refresh_rate',300,NULL,NULL,6),('orionUNIFI','TrainPass_283_widgetImpulseButton3198','entitydesc','string','entity_desc',1,'','refresh_rate',300,NULL,NULL,7),('orionUNIFI','TrainPass_283_widgetImpulseButton3198','status','string','status',1,'','refresh_rate',300,NULL,NULL,1),('orionUNIFI','TrainPass_283_widgetOnOffButton3198','actuatorcanceller','string','actuator_canceller',1,'','refresh_rate',300,NULL,NULL,2),('orionUNIFI','TrainPass_283_widgetOnOffButton3198','actuatordeleted','boolean','actuator_deleted',1,'','refresh_rate',300,NULL,NULL,3),('orionUNIFI','TrainPass_283_widgetOnOffButton3198','actuatordeletiondate','string','actuator_deletion_date',1,'','refresh_rate',300,NULL,NULL,4),('orionUNIFI','TrainPass_283_widgetOnOffButton3198','creationdate','string','creation_date',1,'','refresh_rate',300,NULL,NULL,5),('orionUNIFI','TrainPass_283_widgetOnOffButton3198','entitycreator','string','entity_creator',1,'','refresh_rate',300,NULL,NULL,6),('orionUNIFI','TrainPass_283_widgetOnOffButton3198','entitydesc','string','entity_desc',1,'','refresh_rate',300,NULL,NULL,7),('orionUNIFI','TrainPass_283_widgetOnOffButton3198','status','string','status',1,'','refresh_rate',300,NULL,NULL,1),('orionUNIFI','TrainPass_283_widgetOnOffButton3199','actuatorcanceller','string','actuator_canceller',1,'','refresh_rate',300,NULL,NULL,2),('orionUNIFI','TrainPass_283_widgetOnOffButton3199','actuatordeleted','boolean','actuator_deleted',1,'','refresh_rate',300,NULL,NULL,3),('orionUNIFI','TrainPass_283_widgetOnOffButton3199','actuatordeletiondate','string','actuator_deletion_date',1,'','refresh_rate',300,NULL,NULL,4),('orionUNIFI','TrainPass_283_widgetOnOffButton3199','creationdate','string','creation_date',1,'','refresh_rate',300,NULL,NULL,5),('orionUNIFI','TrainPass_283_widgetOnOffButton3199','entitycreator','string','entity_creator',1,'','refresh_rate',300,NULL,NULL,6),('orionUNIFI','TrainPass_283_widgetOnOffButton3199','entitydesc','string','entity_desc',1,'','refresh_rate',300,NULL,NULL,7),('orionUNIFI','TrainPass_283_widgetOnOffButton3199','status','string','status',1,'','refresh_rate',300,NULL,NULL,1),('orionUNIFI','UserDevice1','humidity','float','humidity',0,'#','refresh_rate',300,NULL,NULL,2),('orionUNIFI','UserDevice1','temperature','float','temperature',0,'°C','refresh_rate',300,NULL,NULL,1),('orionUNIFI','UserTest005','humidity','float','humidity',0,'#','refresh_rate',300,NULL,NULL,2),('orionUNIFI','UserTest005','temperature','float','temperature',0,'°C','refresh_rate',300,NULL,NULL,1),('orionUNIFI','UserTest101','humidity','float','humidity',0,'#','refresh_rate',300,NULL,NULL,2),('orionUNIFI','UserTest101','temperature','float','temperature',0,'°C','refresh_rate',300,NULL,NULL,1),('orionUNIFI2','provaM13','att1','float','actuator_canceller',0,'#','',5,NULL,NULL,1),('orionUNIMI','ARDUINO_ST_4203','latitude','float','latitude',0,'#','refresh_rate',300,NULL,NULL,2),('orionUNIMI','ARDUINO_ST_4203','light','float','light',0,'lux','refresh_rate',300,NULL,NULL,1),('orionUNIMI','ARDUINO_ST_4203','longitude','float','longitude',0,'','refresh_rate',300,NULL,NULL,3),('orionUNIMI','ARDUINO_ST_4203','measure_units','string',NULL,0,NULL,'refresh_rate',300,NULL,NULL,4),('orionUNIMI','ARDUINO_ST_4203','timestamp','integer','timestamp',0,'','refresh_rate',300,NULL,NULL,5),('orionUNIMI','ARDUINO_ST_4204','latitude','float','latitude',0,'#','refresh_rate',300,NULL,NULL,1),('orionUNIMI','ARDUINO_ST_4204','longitude','float','longitude',0,'#','refresh_rate',300,NULL,NULL,2),('orionUNIMI','ARDUINO_ST_4204','measure_units','string','actuator_canceller',0,'°C','refresh_rate',300,NULL,NULL,3),('orionUNIMI','ARDUINO_ST_4204','motion_detection','integer','motion_detection',0,'#','refresh_rate',300,NULL,NULL,4),('orionUNIMI','ARDUINO_ST_4204','timestamp','integer','timestamp',0,'#','refresh_rate',300,NULL,NULL,5),('orionUNIMI','ARDUINO_ST_4205','latitude','float','latitude',0,'#','refresh_rate',300,NULL,NULL,1),('orionUNIMI','ARDUINO_ST_4205','longitude','float','longitude',0,'#','refresh_rate',300,NULL,NULL,2),('orionUNIMI','ARDUINO_ST_4205','measure_units','string','temperature',0,'#','refresh_rate',300,NULL,NULL,3),('orionUNIMI','ARDUINO_ST_4205','sound_lv','float','sound_lv',0,'lux','refresh_rate',300,NULL,NULL,4),('orionUNIMI','ARDUINO_ST_4205','timestamp','integer','timestamp',0,'s','refresh_rate',300,NULL,NULL,5),('orionUNIMI','ARDUINO_ST_4207','latitude','float','latitude',0,'#','refresh_rate',300,NULL,NULL,1),('orionUNIMI','ARDUINO_ST_4207','longitude','float','longitude',0,'#','refresh_rate',300,NULL,NULL,2),('orionUNIMI','ARDUINO_ST_4207','measure_units','string','actuator_canceller',0,'cbar','refresh_rate',300,NULL,NULL,3),('orionUNIMI','ARDUINO_ST_4207','presence_detection_e','integer','presence_detection_e',0,'cbar','refresh_rate',300,NULL,NULL,4),('orionUNIMI','ARDUINO_ST_4207','timestamp','integer','timestamp',0,'s','refresh_rate',300,NULL,NULL,5),('orionUNIMI','ARDUINO_ST_4212','latitude','float','latitude',0,'#','refresh_rate',300,NULL,NULL,1),('orionUNIMI','ARDUINO_ST_4212','longitude','float','longitude',0,'#','refresh_rate',300,NULL,NULL,2),('orionUNIMI','ARDUINO_ST_4212','measure_units','string','actuator_canceller',0,'hPa','refresh_rate',300,NULL,NULL,3),('orionUNIMI','ARDUINO_ST_4212','power_meter_m','float','power_meter_m',0,'hPa','refresh_rate',300,NULL,NULL,4),('orionUNIMI','ARDUINO_ST_4212','timestamp','integer','timestamp',0,'s','refresh_rate',300,NULL,NULL,5),('orionUNIMI','ARDUINO_ST_4213','latitude','float','latitude',0,'#','refresh_rate',300,NULL,NULL,1),('orionUNIMI','ARDUINO_ST_4213','longitude','float','longitude',0,'#','refresh_rate',300,NULL,NULL,2),('orionUNIMI','ARDUINO_ST_4213','measure_units','string','actuator_canceller',0,'hPa','refresh_rate',300,NULL,NULL,3),('orionUNIMI','ARDUINO_ST_4213','power_meter_s','float','power_meter_s',0,'hPa','refresh_rate',300,NULL,NULL,4),('orionUNIMI','ARDUINO_ST_4213','timestamp','integer','timestamp',0,'s','refresh_rate',300,NULL,NULL,5),('orionUNIMI','light03','geolocalization_lat','float','latitude',0,'','refresh_rate',300,NULL,NULL,1),('orionUNIMI','light03','geolocalization_lon','float','longitude',0,'','refresh_rate',300,NULL,NULL,2),('orionUNIMI','light03','light','string','light',0,'lux','refresh_rate',300,NULL,NULL,3),('orionUNIMI','test_dht11','button','boolean','button',0,'','refresh_rate',300,NULL,NULL,1),('orionUNIMI','test_dht11','fan','boolean','fan',0,'','refresh_rate',300,NULL,NULL,2),('orionUNIMI','test_dht11','geolocalization_lat','float','latitude',0,'','refresh_rate',300,NULL,NULL,3),('orionUNIMI','test_dht11','geolocalization_lon','float','longitude',0,'','refresh_rate',300,NULL,NULL,4),('orionUNIMI','test_dht11','humidity','float','humidity',0,'%','refresh_rate',300,NULL,NULL,5),('orionUNIMI','test_dht11','temperature','float','temperature',0,'°C','refresh_rate',300,NULL,NULL,7),('orionUNIMI','test_sensor01','geolocalization_lat','float','latitude',0,'','refresh_rate',300,NULL,NULL,1),('orionUNIMI','test_sensor01','geolocalization_lon','float','longitude',0,'','refresh_rate',300,NULL,NULL,2),('orionUNIMI','test_sensor01','temperature','float','temperature',0,'°C','refresh_rate',300,NULL,NULL,4),('orionUNIMI','test_sensor44','geolocalization_lat','float','latitude',0,'','refresh_rate',300,NULL,NULL,1),('orionUNIMI','test_sensor44','geolocalization_lon','float','longitude',0,'','refresh_rate',300,NULL,NULL,2),('orionUNIMI','test_sensor44','temperature','float','temperature',0,'°C','refresh_rate',300,NULL,NULL,4),('rabbitUNIMI','myTestDev1','a','binary','actuator_canceller',0,'#','refresh_rate',100,NULL,NULL,1),('rabbitUNIMI','provaMM7710','a','binary','actuator_canceller',0,'#','refresh_rate',100,NULL,NULL,1);
/*!40000 ALTER TABLE `event_values` ENABLE KEYS */;
UNLOCK TABLES;

--
-- Table structure for table `formats`
--

DROP TABLE IF EXISTS `formats`;
/*!40101 SET @saved_cs_client     = @@character_set_client */;
/*!40101 SET character_set_client = utf8 */;
CREATE TABLE `formats` (
  `name` varchar(20) NOT NULL,
  PRIMARY KEY (`name`)
) ENGINE=InnoDB DEFAULT CHARSET=utf8;
/*!40101 SET character_set_client = @saved_cs_client */;

--
-- Dumping data for table `formats`
--

LOCK TABLES `formats` WRITE;
/*!40000 ALTER TABLE `formats` DISABLE KEYS */;
INSERT INTO `formats` VALUES ('csv'),('json'),('xml');
/*!40000 ALTER TABLE `formats` ENABLE KEYS */;
UNLOCK TABLES;

--
-- Table structure for table `functionalities`
--

DROP TABLE IF EXISTS `functionalities`;
/*!40101 SET @saved_cs_client     = @@character_set_client */;
/*!40101 SET character_set_client = utf8 */;
CREATE TABLE `functionalities` (
  `id` int(11) NOT NULL,
  `functionality` varchar(200) DEFAULT '0',
  `ToolAdmin` tinyint(1) NOT NULL DEFAULT '0',
  `AreaManager` tinyint(1) NOT NULL DEFAULT '0',
  `Manager` tinyint(1) NOT NULL DEFAULT '0',
  `Public` tinyint(1) NOT NULL DEFAULT '0',
  `link` varchar(200) DEFAULT NULL,
  `view` varchar(40) DEFAULT NULL,
  `class` varchar(200) DEFAULT NULL,
  `RootAdmin` tinyint(1) NOT NULL DEFAULT '0',
  PRIMARY KEY (`id`)
) ENGINE=InnoDB DEFAULT CHARSET=utf8;
/*!40101 SET character_set_client = @saved_cs_client */;

--
-- Dumping data for table `functionalities`
--

LOCK TABLES `functionalities` WRITE;
/*!40000 ALTER TABLE `functionalities` DISABLE KEYS */;
INSERT INTO `functionalities` VALUES (1,'View Sensors and Actuators',1,1,1,0,'value.php','view','#mainContentCnt',1),(2,'Search Sensors and Actuators on the Map',1,1,1,0,'value.php','popup','#addMap1SA',1),(3,'New Sensor/Actuator',1,1,0,0,'value.php','popup','#addValueBtn',1),(4,'Modify Sensor/Actuator',1,1,0,0,'value.php','popup','.editDashBtn',1),(5,'Delete Sensor/Actuator',1,1,0,0,'value.php','popup','.delDashBtn',1),(6,'View Sensor/Actuator on Map',1,1,0,0,'value.php','popup','.addMapBtn',1),(7,'View Devices',1,1,1,0,'devices.php','view','#mainContentCnt',1),(8,'Search Devices on the Map',1,1,1,0,'devices.php','popup','#displayDevicesMap',1),(9,'New Device',1,1,0,0,'devices.php','popup','#addDeviceBtn',1),(10,'Modify Device',1,1,0,0,'devices.php','popup','.editDashBtn',1),(11,'Delete Device',1,1,0,0,'devices.php','popup','.delDashBtn',1),(12,'View Device on Map',1,1,1,0,'devices.php','popup','.addMapBtn',1),(13,'View Context Brokers',1,0,0,0,'contextbroker.php','view','.mainContentCnt',1),(14,'Search Context Brokers On the Map',1,0,0,0,'contextbroker.php','popup','#displayDevicesMapCB',1),(15,'New Context Broker',1,0,0,0,'contextbroker.php','popup','#addContextBrokerBtn',1),(16,'Modify Context Broker',1,0,0,0,'contextbroker.php','popup','.editDashBtn',1),(17,'Delete Context Broker',1,0,0,0,'contextbroker.php','popup','.delDashBtn',1),(18,'View Device Manager Board',0,0,1,0,'devices.php','view','#managerBoard',0),(19,'Stub for gathering devices',1,0,0,0,'contextbroker.php','popup','.viewDashBtn',1),(20,'View Syntesis',1,1,0,0,'devices.php','view','#synthesis',0),(21,'View Syntesis',1,1,0,0,'value.php','view','#synthesis',0),(22,'View Syntesis',1,1,0,0,'contextbroker.php','view','#synthesis',0),(23,'View Devices',0,0,1,0,'mydevices.php','view','#mainContentCnt',0),(24,'Search Devices on the Map',0,0,1,0,'mydevices.php','popup','#displayDevicesMap',0),(25,'New Device',0,0,0,0,'mydevices.php','popup','#addDeviceBtn',0),(26,'Modify Device',0,0,0,0,'mydevices.php','popup','.editDashBtn',0),(27,'Delete Device',0,0,1,0,'mydevices.php','popup','.delDashBtn',0),(28,'View Device on Map',0,0,1,0,'mydevices.php','popup','.addMapBtn',0),(29,'View Device Manager Board',0,0,1,0,'mydevices.php','view','#managerBoard',0),(30,'View Syntesis',0,0,0,0,'mydevices.php','view','#synthesis',0);
/*!40000 ALTER TABLE `functionalities` ENABLE KEYS */;
UNLOCK TABLES;

--
-- Table structure for table `mainmenu`
--

DROP TABLE IF EXISTS `mainmenu`;
/*!40101 SET @saved_cs_client     = @@character_set_client */;
/*!40101 SET character_set_client = utf8 */;
CREATE TABLE `mainmenu` (
  `id` int(11) NOT NULL AUTO_INCREMENT,
  `linkUrl` varchar(200) NOT NULL,
  `linkId` varchar(200) DEFAULT NULL,
  `icon` varchar(200) DEFAULT NULL,
  `text` varchar(200) DEFAULT NULL,
  `privileges` text,
  `userType` varchar(45) DEFAULT 'any',
  `externalApp` varchar(3) DEFAULT 'no',
  `openMode` varchar(45) DEFAULT 'newTab',
  `iconColor` varchar(45) DEFAULT '#FFFFFF',
  `active` tinyint(1) NOT NULL DEFAULT '1',
  `pageTitle` varchar(200) DEFAULT NULL,
  PRIMARY KEY (`id`)
) ENGINE=InnoDB AUTO_INCREMENT=12 DEFAULT CHARSET=utf8;
/*!40101 SET character_set_client = @saved_cs_client */;

--
-- Dumping data for table `mainmenu`
--

LOCK TABLES `mainmenu` WRITE;
/*!40000 ALTER TABLE `mainmenu` DISABLE KEYS */;
INSERT INTO `mainmenu` VALUES (1,'value.php','valueLink','fa fa-podcast','Sensors&amp;Actuators','[\"AreaManager\",\"ToolAdmin\", \"RootAdmin\"]','any','no','samePage','#f3cf58',1,'IoT Directory: Sensors and Actuators'),(2,'devices.php','devicesLink','fa fa-microchip','Devices','[\"AreaManager\",\"ToolAdmin\", \"RootAdmin\"]','any','no','samePage','#33cc33',1,'IoT Directory: Devices'),(3,'contextbroker.php','contextbrokerLink','fa fa-object-group','Context Brokers','[\"ToolAdmin\", \"RootAdmin\"]','any','no','samePage','#d84141',1,'IoT Directory: Context Brokers'),(5,'users.php','userLink','fa fa-user','List of Users','[\"ToolAdmin\", \"RootAdmin\"]','any','no','samePage','#FFFFFF',1,'IoT Directory: Users'),(6,'account.php','accountManagementLink','fa fa-lock','Account','[\"AreaManager\",\"Manager\",\"ToolAdmin\", \"RootAdmin\"]','any','no','samePage','#ff9933',1,'IoT Directory: Account'),(8,'bulkUpdate.php','bulkDUpdateLink','fa fa-microchip','Update Devices ','[\"ToolAdmin\", \"RootAdmin\"]','any','no','samePage','#33cc33',0,'IoT Directory: Device Bulk Updates'),(9,'bulkCBUpdate.php','bulkCBUpdateLink','fa fa-microchip','Update COntext Broker','[\"ToolAdmin\", \"RootAdmin\"]','any','no','samePage','#33cc33',0,'IoT Directory: Device Bulk Updates'),(10,'setup.php','setupLink','fa fa-cogs','Settings','[\"AreaManager\",\"ToolAdmin\", \"RootAdmin\"]','any','no','samePage','#00e6e6',1,'IoT Directory: Setup'),(11,'mydevices.php','mydevicesLink','fa fa-microchip','Devices','[\"Manager\"]','any','no','samePage','#33cc33',1,'IoT Directory: Devices');
/*!40000 ALTER TABLE `mainmenu` ENABLE KEYS */;
UNLOCK TABLES;

--
-- Table structure for table `model`
--

DROP TABLE IF EXISTS `model`;
/*!40101 SET @saved_cs_client     = @@character_set_client */;
/*!40101 SET character_set_client = utf8 */;
CREATE TABLE `model` (
  `id` bigint(20) unsigned NOT NULL AUTO_INCREMENT,
  `name` varchar(50) NOT NULL,
  `description` varchar(100) DEFAULT NULL,
  `devicetype` varchar(80) NOT NULL,
  `kind` set('sensor','actuator','','') NOT NULL DEFAULT 'sensor',
  `producer` varchar(20) DEFAULT NULL,
  `frequency` varchar(20) DEFAULT NULL,
  `policy` varchar(20) DEFAULT NULL,
  `attributes` text,
  `link` varchar(100) DEFAULT NULL,
  `k1` varchar(50) DEFAULT NULL,
  `k2` varchar(50) DEFAULT NULL,
  `kgenerator` set('normal','special','','') NOT NULL DEFAULT 'normal',
  PRIMARY KEY (`id`),
  UNIQUE KEY `name` (`name`),
  UNIQUE KEY `id` (`id`),
  KEY `policy` (`policy`),
  CONSTRAINT `model_ibfk_1` FOREIGN KEY (`policy`) REFERENCES `defaultpolicy` (`policyname`) ON DELETE CASCADE ON UPDATE CASCADE
) ENGINE=InnoDB AUTO_INCREMENT=6 DEFAULT CHARSET=utf8;
/*!40101 SET character_set_client = @saved_cs_client */;

--
-- Dumping data for table `model`
--

LOCK TABLES `model` WRITE;
/*!40000 ALTER TABLE `model` DISABLE KEYS */;
INSERT INTO `model` VALUES (1,'Raspberry snap4city 1','Raspberry PI 3 Model B Scheda madre CPU 1.2 GHz Quad Core, 1 GB RAM ','Ambiental','sensor','Raspberry PI','5','basic','[{\"value_name\":\"temperature\",\"data_type\":\"float\",\"value_type\":\"temperature\",\"value_unit\":\"°C\",\"healthiness_criteria\":\"refresh_rate\",\"healthiness_value\":\"300\",\"editable\":\"0\"},{\"value_name\":\"humidity\",\"data_type\":\"float\",\"value_type\":\"humidity\",\"value_unit\":\"#\",\"healthiness_criteria\":\"refresh_rate\",\"healthiness_value\":\"300\",\"editable\":\"0\"}]\r\n','https://www.snap4city.org/drupal/node/76','','','normal'),(2,'Raspberry snap4city 2','Raspberry PI 3 Model B Scheda madre CPU 1.2 GHz Quad Core, 1 GB RAM','Ambiental','sensor','Raspberry PI','10','basic','[{\"value_name\":\"temperature\",\"data_type\":\"float\",\"value_type\":\"temperature\",\"value_unit\":\"°C\",\"healthiness_criteria\":\"refresh_rate\",\"healthiness_value\":\"300\",\"editable\":\"0\"},{\"value_name\":\"humidity\",\"data_type\":\"float\",\"value_type\":\"humidity\",\"value_unit\":\"#\",\"healthiness_criteria\":\"refresh_rate\",\"healthiness_value\":\"300\",\"editable\":\"0\"}]\r\n','https://www.snap4city.org/drupal/node/76','','','normal'),(3,'Arduino Uno','Arduino Model B Scheda madre CPU 1.2 GHz Quad Core, 1 GB RAM','Ambiental','sensor','Arduino','10','basic','[{\"value_name\":\"temperature\",\"data_type\":\"float\",\"value_type\":\"temperature\",\"value_unit\":\"°C\",\"healthiness_criteria\":\"refresh_rate\",\"healthiness_value\":\"300\",\"editable\":\"0\"},{\"value_name\":\"humidity\",\"data_type\":\"float\",\"value_type\":\"humidity\",\"value_unit\":\"#\",\"healthiness_criteria\":\"refresh_rate\",\"healthiness_value\":\"300\",\"editable\":\"0\"}]\r\n','https://www.snap4city.org/drupal/node/76','','','normal'),(4,'Arduino uno-bis','Arduino Model B Scheda madre CPU 1.2 GHz Quad Core, 1 GB RAM','Ambiental','sensor','Arduino','10','basic','[{\"value_name\":\"temperature\",\"data_type\":\"float\",\"value_type\":\"temperature\",\"value_unit\":\"°C\",\"healthiness_criteria\":\"refresh_rate\",\"healthiness_value\":\"300\",\"editable\":\"0\"},{\"value_name\":\"humidity\",\"data_type\":\"float\",\"value_type\":\"humidity\",\"value_unit\":\"#\",\"healthiness_criteria\":\"refresh_rate\",\"healthiness_value\":\"300\",\"editable\":\"0\"}]\r\n','https://www.snap4city.org/drupal/node/76','','','normal'),(5,'sigfox','SigFox Model B Scheda madre CPU 1.2 GHz Quad Core, 1 GB RAM','Ambiental','sensor','SigFox','10','basic','[{\"value_name\":\"temperature\",\"data_type\":\"float\",\"value_type\":\"temperature\",\"value_unit\":\"°C\",\"healthiness_criteria\":\"refresh_rate\",\"healthiness_value\":\"300\",\"editable\":\"0\"},{\"value_name\":\"humidity\",\"data_type\":\"float\",\"value_type\":\"humidity\",\"value_unit\":\"#\",\"healthiness_criteria\":\"refresh_rate\",\"healthiness_value\":\"300\",\"editable\":\"0\"}]\r\n','https://www.snap4city.org/drupal/node/76','','','special');
/*!40000 ALTER TABLE `model` ENABLE KEYS */;
UNLOCK TABLES;

--
-- Table structure for table `noderedflows`
--

DROP TABLE IF EXISTS `noderedflows`;
/*!40101 SET @saved_cs_client     = @@character_set_client */;
/*!40101 SET character_set_client = utf8 */;
CREATE TABLE `noderedflows` (
  `name` varchar(100) NOT NULL,
  `nature` varchar(100) NOT NULL,
  `sub_nature` varchar(100) NOT NULL,
  `description` varchar(100) NOT NULL,
  PRIMARY KEY (`name`)
) ENGINE=InnoDB DEFAULT CHARSET=latin1;
/*!40101 SET character_set_client = @saved_cs_client */;

--
-- Dumping data for table `noderedflows`
--

LOCK TABLES `noderedflows` WRITE;
/*!40000 ALTER TABLE `noderedflows` DISABLE KEYS */;
INSERT INTO `noderedflows` VALUES ('prova1','non so','ne so meno','prova11'),('prova2','non so','ne so sempre meno','prova 222'),('prova3','','prova','desc');
/*!40000 ALTER TABLE `noderedflows` ENABLE KEYS */;
UNLOCK TABLES;

--
-- Table structure for table `protocols`
--

DROP TABLE IF EXISTS `protocols`;
/*!40101 SET @saved_cs_client     = @@character_set_client */;
/*!40101 SET character_set_client = utf8 */;
CREATE TABLE `protocols` (
  `name` varchar(20) NOT NULL,
  PRIMARY KEY (`name`)
) ENGINE=InnoDB DEFAULT CHARSET=utf8;
/*!40101 SET character_set_client = @saved_cs_client */;

--
-- Dumping data for table `protocols`
--

LOCK TABLES `protocols` WRITE;
/*!40000 ALTER TABLE `protocols` DISABLE KEYS */;
INSERT INTO `protocols` VALUES ('amqp'),('coap'),('mqtt'),('ngsi'),('sigfox');
/*!40000 ALTER TABLE `protocols` ENABLE KEYS */;
UNLOCK TABLES;

--
-- Table structure for table `users`
--

DROP TABLE IF EXISTS `users`;
/*!40101 SET @saved_cs_client     = @@character_set_client */;
/*!40101 SET character_set_client = utf8 */;
CREATE TABLE `users` (
  `IdUser` int(11) NOT NULL AUTO_INCREMENT,
  `username` varchar(100) CHARACTER SET latin1 DEFAULT NULL,
  `password` varchar(32) CHARACTER SET latin1 DEFAULT NULL,
  `name` varchar(100) CHARACTER SET latin1 DEFAULT NULL,
  `surname` varchar(100) CHARACTER SET latin1 DEFAULT NULL,
  `organization` varchar(200) CHARACTER SET latin1 DEFAULT NULL,
  `email` varchar(200) CHARACTER SET latin1 DEFAULT NULL,
  `reg_data` timestamp NULL DEFAULT NULL,
  `status` int(11) DEFAULT NULL,
  `admin` varchar(32) NOT NULL DEFAULT 'Manager',
  `activationHash` varchar(32) CHARACTER SET latin1 DEFAULT NULL,
  PRIMARY KEY (`IdUser`)
) ENGINE=InnoDB AUTO_INCREMENT=5 DEFAULT CHARSET=utf8;
/*!40101 SET character_set_client = @saved_cs_client */;

--
-- Dumping data for table `users`
--

LOCK TABLES `users` WRITE;
/*!40000 ALTER TABLE `users` DISABLE KEYS */;
INSERT INTO `users` VALUES (1,'marco','f5888d0bb58d611107e11f7cbc41c97a','marco','mesti','Unimi','admin@email.it','2017-01-01 07:10:10',1,'Manager',NULL),(2,'snap4city','aeba33aafaeab290c4a35f8783eeac3c','snap4city','snap4city','UNIMI','paolo.nesi@unifi.it','2017-01-01 08:10:10',1,'ToolAdmin',NULL),(3,'marcoAM','f5888d0bb58d611107e11f7cbc41c97a','marco','mesti','Unimi','admin@email.it','2017-01-01 07:10:10',1,'AreaManager',NULL),(4,'marcoAdmin','f5888d0bb58d611107e11f7cbc41c97a','marco','mesti','Unimi','admin@email.it','2017-01-01 07:10:10',1,'ToolAdmin',NULL);
/*!40000 ALTER TABLE `users` ENABLE KEYS */;
UNLOCK TABLES;

--
-- Table structure for table `value_types`
--

DROP TABLE IF EXISTS `value_types`;
/*!40101 SET @saved_cs_client     = @@character_set_client */;
/*!40101 SET character_set_client = utf8 */;
CREATE TABLE `value_types` (
  `value_type` varchar(30) NOT NULL,
  `value_unit_default` varchar(30) NOT NULL,
  PRIMARY KEY (`value_type`)
) ENGINE=InnoDB DEFAULT CHARSET=utf8;
/*!40101 SET character_set_client = @saved_cs_client */;

--
-- Dumping data for table `value_types`
--

LOCK TABLES `value_types` WRITE;
/*!40000 ALTER TABLE `value_types` DISABLE KEYS */;
INSERT INTO `value_types` VALUES ('actuator_canceller',''),('actuator_deleted',''),('actuator_deletion_date',''),('annual_PM10_exceedance_count','#'),('audio',''),('available_bikes','#'),('average_vehicle_distance','m'),('average_vehicle_speed','km/h'),('average_vehicle_time','s'),('battery_level','%'),('benzene_concentration','ppm'),('blue_code_count','#'),('broken_bikes','#'),('button',''),('car_park_exit_rate',''),('car_park_fill_rate',''),('car_park_free_places','#'),('car_park_occupancy','%'),('car_park_occupied_places','#'),('car_park_status',''),('car_park_validity_status',''),('charging_level','%'),('charging_state',''),('charging_station_state',''),('CO2_concentration','ppm'),('CO_concentration','ppm'),('creation_date',''),('current','A'),('daily_O3_exceedance_count','#'),('dew_point','°C'),('energy','KW/h'),('entity_creator',''),('entity_desc',''),('fan',''),('freeze',''),('free_stalls','#'),('fuel_price','euro'),('fuel_type',''),('glucose_percentage',''),('green_code_count','#'),('H2S_concentration','ppm'),('hour_O3_max',''),('humidity','%'),('ir',''),('latitude',''),('latitude_longitude',''),('leaf_wetness','%'),('light','lux'),('longitude',''),('max_temperature','°C'),('min_temperature','°C'),('moonrise_time',''),('moonset_time',''),('motion_detection',''),('NO2_concentration','ppm'),('O3_concentration','ppm'),('orientation',''),('perceived_temperature','°C'),('PM10_concentration','ppm'),('PM2.5_concentration','ppm'),('pollen_concentration_level',''),('pollen_concentration_trend',''),('pollen_concentration_value',''),('power','W'),('power_meter_m',''),('power_meter_s',''),('precipitation_type',''),('presence_detection_e',''),('pressure','hPa'),('rain','mm'),('red_code_count','#'),('road_condition',''),('salt_concentration','%'),('sittings_count','#'),('snow',''),('soil_water_potential','cbar'),('sound_lv',''),('SO_concentration','ppm'),('speed',''),('state_count',''),('state_time',''),('status',''),('stop',''),('sunrise_time',''),('sunset_time',''),('sun_max_height',''),('sun_max_height_hour',''),('temperature','°C'),('timestamp',''),('transits_count','#'),('uv',''),('vdc','V'),('vehicle_concentration',''),('vehicle_flow','car/h'),('vehicle_occupancy',''),('vehicle_speed_percentile',''),('vehicle_threshold_perc',''),('velocity',''),('voltage','V'),('waste_filling_rate','%'),('water_film','µm'),('water_flowing',''),('water_level','m'),('white_code_count','#'),('wind',''),('wind_direction','deg'),('wind_gust_speed','m/s'),('wind_speed','m/s'),('yellow_code_count','#');
/*!40000 ALTER TABLE `value_types` ENABLE KEYS */;
UNLOCK TABLES;
/*!40103 SET TIME_ZONE=@OLD_TIME_ZONE */;

/*!40101 SET SQL_MODE=@OLD_SQL_MODE */;
/*!40014 SET FOREIGN_KEY_CHECKS=@OLD_FOREIGN_KEY_CHECKS */;
/*!40014 SET UNIQUE_CHECKS=@OLD_UNIQUE_CHECKS */;
/*!40101 SET CHARACTER_SET_CLIENT=@OLD_CHARACTER_SET_CLIENT */;
/*!40101 SET CHARACTER_SET_RESULTS=@OLD_CHARACTER_SET_RESULTS */;
/*!40101 SET COLLATION_CONNECTION=@OLD_COLLATION_CONNECTION */;
/*!40111 SET SQL_NOTES=@OLD_SQL_NOTES */;

-- Dump completed on 2018-05-28  2:40:36
